nouns,pronouns,verbs,numbers,adjectives,conjunctions,adverbs,class
20,7,10,1,4,0,4,True
13,6,3,0,2,0,2,True
8,27,5,0,2,0,1,True
16,8,7,0,4,0,2,True
5,6,6,2,4,0,1,True
8,10,5,2,5,0,1,True
9,7,4,0,3,0,1,True
11,9,5,0,5,0,1,True
5,6,6,2,4,0,1,True
8,10,5,2,5,0,1,True
8,2,3,0,2,0,0,True
8,27,5,0,2,0,1,True
11,7,8,3,0,0,0,True
16,5,7,0,5,0,1,True
14,2,9,0,4,0,2,True
12,4,5,0,1,0,1,True
34,22,14,3,16,0,3,True
11,22,4,1,3,0,2,True
15,3,7,0,3,0,1,True
13,6,6,0,4,0,1,True
6,21,6,0,1,0,1,True
11,12,8,1,5,0,0,True
15,7,4,8,4,0,3,True
7,11,1,1,4,0,3,True
1,7,8,0,2,0,1,True
13,12,2,2,5,0,1,True
7,5,7,0,5,0,0,True
13,10,6,1,2,0,1,True
7,11,7,2,3,0,1,True
2,11,5,0,3,0,0,True
2,6,1,0,0,0,0,True
3,12,2,0,2,0,0,True
13,14,11,0,1,0,3,True
5,11,3,0,2,0,0,True
8,9,6,1,3,0,2,True
8,4,3,7,4,0,4,True
12,20,2,0,1,0,0,True
7,9,3,0,5,0,1,True
10,6,4,1,6,0,0,True
9,7,4,0,3,0,1,True
13,13,4,2,1,0,1,True
6,8,5,1,2,0,3,True
11,5,5,0,4,0,5,True
9,8,3,4,3,0,0,True
6,11,8,1,4,0,2,True
9,24,3,0,1,0,2,True
3,18,0,0,0,0,0,True
14,21,1,0,1,0,0,True
9,5,8,0,2,0,1,True
14,7,5,0,3,0,2,True
7,8,5,0,3,0,0,True
14,6,4,1,2,0,1,True
9,9,6,1,1,0,2,True
8,9,4,1,1,0,4,True
7,24,6,1,1,0,1,True
4,7,1,0,2,0,0,True
5,5,4,0,0,0,1,True
11,9,3,0,3,0,2,True
9,11,3,1,3,0,2,True
15,4,6,0,4,0,4,True
15,13,4,2,6,0,2,True
10,6,5,0,5,0,1,True
17,28,8,0,6,0,4,True
17,25,12,0,8,0,4,True
10,12,3,0,3,0,1,True
6,7,3,0,4,0,0,True
8,8,7,1,1,0,0,True
9,12,6,0,4,0,2,True
14,12,5,3,5,0,1,True
3,4,3,0,0,0,0,True
3,5,2,0,0,0,0,True
2,4,3,0,1,0,1,True
11,12,6,5,4,0,0,True
7,15,8,1,0,0,1,True
11,13,5,0,3,0,1,True
13,1,4,2,5,0,2,True
5,9,2,0,2,0,0,True
11,4,8,0,4,0,3,True
9,15,5,0,1,0,0,True
4,1,3,0,1,0,0,True
7,19,6,0,1,0,2,True
11,3,3,1,1,0,0,True
26,5,19,0,3,0,2,True
2,6,3,2,0,0,2,True
31,2,34,1,12,0,9,True
4,12,18,0,1,0,4,True
8,9,9,4,2,0,0,True
23,6,22,2,5,0,14,True
8,12,3,5,3,0,0,True
13,5,6,1,9,0,0,True
6,2,3,0,4,0,0,True
6,6,5,2,2,0,3,True
7,7,7,1,2,0,0,True
16,4,5,0,9,0,3,True
5,4,0,0,3,0,2,True
8,13,9,0,1,0,2,True
9,11,5,0,6,0,1,True
14,3,4,1,4,0,0,True
8,9,5,2,2,0,0,True
3,6,3,0,0,0,0,True
4,4,1,0,0,0,0,True
2,3,2,0,1,0,0,True
4,2,2,0,0,0,0,True
3,1,5,0,1,0,0,True
3,1,2,0,2,0,0,True
4,3,1,0,0,0,0,True
3,2,3,1,1,0,0,True
16,3,6,0,4,0,1,True
2,4,1,1,0,0,1,True
6,3,2,0,1,0,1,True
3,3,2,0,0,0,0,True
2,2,4,0,1,0,0,True
2,0,3,1,2,0,0,True
3,2,3,1,1,0,0,True
2,5,2,0,2,0,0,True
4,2,1,0,4,0,1,True
3,3,3,1,0,0,1,True
2,3,2,0,0,0,0,True
6,1,2,0,1,0,0,True
6,6,4,0,4,0,3,True
2,4,2,0,0,0,0,True
3,3,4,0,0,0,0,True
13,10,4,1,7,0,0,True
8,15,5,0,4,0,0,True
9,5,3,0,1,0,0,True
7,7,6,4,3,0,0,True
4,5,4,0,1,0,1,True
5,5,6,0,2,0,0,True
7,8,5,0,0,0,0,True
4,1,1,1,1,0,0,True
8,11,6,0,1,0,1,True
11,7,6,2,4,0,3,True
17,7,7,3,6,0,1,True
63,7,44,5,14,0,12,True
9,7,7,1,7,0,1,True
7,4,8,0,3,0,0,True
8,10,4,1,1,0,0,True
11,5,4,0,2,0,1,True
6,3,1,0,2,0,0,True
9,6,3,2,4,0,1,True
6,6,6,4,3,0,1,True
7,6,3,0,7,0,2,True
8,11,1,1,2,0,2,True
9,8,11,2,0,0,1,True
9,3,6,0,3,0,1,True
3,2,1,0,2,0,0,True
6,2,1,0,3,0,0,True
3,1,3,0,1,0,1,True
6,4,4,0,0,0,0,True
12,12,6,1,1,0,2,True
1,8,2,0,1,0,1,True
11,3,3,2,2,0,1,True
14,8,8,0,6,0,2,True
10,9,7,2,3,0,2,True
2,5,2,0,2,0,0,True
2,3,2,1,0,0,0,True
8,2,6,1,5,0,0,True
5,4,4,1,3,0,0,True
7,0,2,1,6,0,2,True
11,9,4,0,9,0,1,True
10,4,4,2,1,0,2,True
5,12,9,2,2,0,1,True
6,13,4,0,3,0,2,True
7,0,0,0,4,0,0,True
11,3,8,0,4,0,3,True
8,10,4,0,2,0,2,True
12,12,5,1,3,0,1,True
11,15,5,2,4,0,0,True
8,10,6,0,8,0,2,True
2,20,1,1,0,0,0,True
11,8,7,0,1,0,3,True
4,11,4,0,2,0,0,True
7,7,7,0,4,0,1,True
12,9,7,2,5,0,1,True
14,17,5,2,6,0,1,True
12,3,6,1,5,0,1,True
7,6,3,1,3,0,0,True
14,6,8,0,5,0,2,True
16,6,6,0,5,0,3,True
17,7,8,2,2,0,0,True
8,10,7,1,4,0,0,True
3,5,2,0,1,0,0,True
13,4,6,1,6,0,2,True
14,7,6,1,5,0,1,True
10,8,4,0,4,0,1,True
7,1,3,1,2,0,3,True
11,13,5,0,0,0,3,True
7,4,5,0,4,0,2,True
4,2,2,0,0,0,0,True
9,4,3,1,5,0,3,True
5,2,2,0,2,0,0,True
5,15,5,0,1,0,1,True
7,1,13,0,3,0,5,True
4,16,8,0,1,0,6,True
13,5,8,0,3,0,4,True
17,10,7,4,3,0,1,True
8,9,4,0,6,0,0,True
5,15,5,1,1,0,0,True
7,13,6,0,1,0,2,True
21,7,21,4,4,0,8,True
18,12,8,0,6,0,2,True
45,1,46,2,20,0,19,True
13,3,6,1,5,0,1,True
8,11,6,0,2,0,0,True
4,18,5,1,3,0,0,True
13,6,9,0,2,0,2,True
4,1,3,0,1,0,0,True
5,4,1,0,0,0,1,True
3,3,3,1,1,0,1,True
9,2,2,1,0,0,1,True
3,3,2,0,0,0,0,True
13,9,1,0,7,0,1,True
7,3,1,0,0,0,0,True
4,2,2,0,0,0,0,True
6,4,4,0,1,0,1,True
1,6,2,0,0,0,0,True
4,4,1,0,1,0,0,True
5,2,1,0,1,0,0,True
5,4,2,0,1,0,0,True
3,1,2,0,0,0,0,True
3,2,10,1,1,0,0,True
5,2,2,0,0,0,0,True
5,4,2,0,2,0,1,True
11,4,6,0,5,0,3,True
2,1,4,2,0,0,0,True
2,2,3,0,2,0,0,True
2,5,1,0,1,0,0,True
2,4,0,0,1,0,0,True
4,9,7,0,4,0,0,True
2,3,5,0,0,0,1,True
2,5,1,1,1,0,0,True
1,3,3,0,1,0,1,True
8,6,7,2,0,0,0,True
12,13,6,0,1,0,0,True
10,17,7,1,0,0,2,True
7,0,0,0,4,0,0,True
5,9,2,3,6,0,2,True
13,8,5,3,1,0,0,True
6,12,4,1,1,0,0,True
10,7,6,0,3,0,1,True
8,7,2,5,6,0,2,True
9,0,3,3,3,0,2,True
7,11,1,0,5,0,0,True
16,4,22,1,5,0,8,True
8,1,6,0,4,0,0,True
9,6,7,3,3,0,0,True
11,16,4,1,3,0,0,True
8,16,9,0,0,0,0,True
11,8,7,4,4,0,1,True
12,8,5,5,5,0,2,True
11,12,2,1,2,0,0,True
8,14,5,1,4,0,0,True
1,7,3,2,1,0,1,True
14,9,3,1,5,0,2,True
5,9,1,0,1,0,0,True
1,11,1,0,0,0,0,True
9,7,4,0,4,0,1,True
5,3,6,1,4,0,2,True
14,9,3,1,5,0,2,True
9,1,5,1,4,0,2,True
6,2,6,0,1,0,3,True
11,6,8,2,4,0,0,True
9,10,3,0,3,0,2,True
3,13,4,2,2,0,0,True
11,9,6,1,1,0,0,True
6,1,3,0,1,0,0,True
5,1,3,0,1,0,0,True
2,3,3,0,2,0,1,True
5,3,0,0,2,0,0,True
3,3,1,1,0,0,0,True
3,5,1,0,1,0,0,True
2,3,3,0,2,0,0,True
4,3,1,0,1,0,0,True
3,4,5,0,0,0,3,True
3,3,0,0,0,0,1,True
4,3,1,0,3,0,0,True
5,2,1,0,1,0,0,True
6,2,3,1,2,0,0,True
5,4,1,1,1,0,0,True
1,4,4,0,1,0,0,True
2,1,1,1,3,0,1,True
3,2,1,0,2,0,0,True
4,2,3,0,0,0,0,True
1,3,3,0,2,0,1,True
4,0,5,2,1,0,2,True
5,2,2,0,2,0,1,True
4,2,1,0,1,0,1,True
3,3,2,0,1,0,0,True
6,9,5,1,0,0,0,True
4,3,1,0,0,0,0,True
4,3,2,0,0,0,0,True
4,1,3,0,1,0,0,True
2,5,2,0,0,0,0,True
3,0,1,0,3,0,0,True
13,2,5,0,2,0,0,True
2,2,4,0,0,0,1,True
2,3,1,0,2,0,0,True
3,2,1,0,0,0,1,True
6,4,0,0,1,0,1,True
3,2,2,1,2,0,0,True
4,1,2,0,2,0,0,True
5,4,1,0,0,0,0,True
4,3,1,0,1,0,0,True
3,2,1,1,3,0,0,True
4,3,3,0,0,0,0,True
5,3,1,0,1,0,0,True
10,7,4,0,1,0,1,True
2,3,2,0,2,0,0,True
8,8,5,1,3,0,3,True
13,1,4,1,2,0,1,True
7,1,1,0,1,0,1,True
4,0,4,0,1,0,0,True
4,3,1,0,2,0,0,True
4,1,2,0,1,0,0,True
2,3,3,1,1,0,0,True
4,3,2,2,0,0,0,True
6,0,4,0,0,0,0,True
2,2,4,0,1,0,0,True
4,3,1,1,0,0,0,True
5,3,1,0,0,0,1,True
3,3,2,0,0,0,0,True
3,3,1,1,2,0,0,True
1,2,4,0,1,0,0,True
4,2,3,0,2,0,0,True
3,3,1,0,1,0,0,True
2,3,3,0,1,0,2,True
5,5,4,0,2,0,4,True
8,6,6,4,3,0,3,True
3,17,7,1,4,0,5,True
7,5,7,0,1,0,1,True
7,12,4,1,1,0,3,True
5,11,3,0,5,0,0,True
14,30,7,0,2,0,4,True
7,14,4,1,1,0,1,True
12,47,3,1,1,0,1,True
7,12,6,2,2,0,2,True
8,14,2,0,3,0,2,True
5,11,7,1,2,0,1,True
10,9,3,0,1,0,0,True
5,9,2,0,3,0,0,True
5,17,6,0,2,0,0,True
3,20,5,1,0,0,3,True
9,12,6,1,2,0,1,True
5,15,6,3,4,0,2,True
9,39,5,0,2,0,1,True
7,15,7,1,4,0,4,True
6,39,2,0,1,0,1,True
4,12,4,0,0,0,0,True
6,6,5,0,0,0,2,True
7,17,8,1,1,0,1,True
6,14,5,3,0,0,2,True
2,10,2,0,0,0,0,True
5,5,3,0,2,0,2,True
9,10,4,0,1,0,0,True
5,16,2,1,3,0,0,True
5,5,4,0,2,0,1,True
9,8,2,0,2,0,0,True
8,8,3,0,4,0,2,True
12,32,5,0,1,0,1,True
6,22,3,0,1,0,1,True
10,8,7,4,4,0,1,True
8,14,3,4,1,0,0,True
7,6,5,0,2,0,3,True
3,23,4,0,4,0,0,True
6,13,6,0,1,0,1,True
11,12,5,0,2,0,1,True
11,10,6,0,1,0,0,True
8,47,1,0,2,0,1,True
11,18,6,1,5,0,1,True
7,21,6,0,1,0,0,True
8,51,4,0,1,0,1,True
10,9,4,1,7,0,1,True
1,6,3,0,0,0,2,True
8,14,5,0,1,0,2,True
8,17,5,0,1,0,2,True
6,15,4,0,6,0,1,True
8,8,4,0,4,0,0,True
2,12,2,1,3,0,0,True
6,14,5,0,1,0,3,True
9,11,6,1,4,0,1,True
3,4,3,0,1,0,1,True
5,34,5,3,2,0,2,True
7,40,5,0,1,0,1,True
10,10,7,0,2,0,0,True
8,8,3,0,4,0,0,True
1,0,1,0,2,0,1,False
10,2,6,0,4,0,2,False
5,12,4,1,2,0,0,True
4,6,3,0,4,0,0,True
4,22,4,0,1,0,2,True
12,14,6,2,6,0,0,True
7,9,5,0,5,0,0,False
5,3,3,1,2,0,2,False
7,2,4,0,2,0,2,False
7,4,5,1,1,0,1,False
3,2,6,0,2,0,1,False
10,2,4,0,4,0,3,False
4,3,3,0,0,0,3,False
10,2,4,0,3,0,2,False
4,1,4,0,3,0,2,False
8,8,6,0,4,0,1,False
9,4,7,2,3,0,2,False
6,3,6,1,1,0,3,False
7,3,4,2,1,0,2,False
7,4,8,0,7,0,3,False
5,1,2,0,1,0,1,False
12,4,7,3,4,0,2,False
6,4,2,0,1,0,0,False
11,4,5,3,2,0,2,False
8,2,5,2,2,0,1,False
1,3,1,0,1,0,0,False
7,9,4,2,1,0,3,True
8,11,3,2,2,0,1,True
6,9,2,4,1,0,1,True
7,11,5,0,5,0,0,True
3,7,4,0,2,0,1,True
5,14,4,0,2,0,0,True
10,9,5,2,1,0,1,True
7,7,2,0,1,0,0,True
2,13,8,0,1,0,0,True
0,0,1,0,0,0,0,False
8,8,6,4,1,0,0,True
5,6,2,0,1,0,0,True
9,12,5,0,2,0,0,True
10,18,6,1,4,0,1,True
14,2,12,4,4,0,2,False
0,5,6,0,1,0,1,False
3,2,3,0,0,0,0,False
11,13,4,0,2,0,0,True
11,11,3,0,2,0,0,True
3,5,4,0,2,0,4,True
7,16,2,0,1,0,1,True
6,1,2,0,2,0,4,False
4,6,2,0,3,0,4,False
4,6,2,0,3,0,4,False
3,3,2,0,1,0,0,False
10,3,4,0,0,0,0,False
6,1,2,0,2,0,0,False
4,5,6,0,2,0,6,False
4,3,5,0,6,0,2,False
3,1,2,0,0,0,0,False
0,5,2,0,0,0,0,False
18,1,12,4,0,0,2,False
10,3,8,0,3,0,2,False
4,15,6,0,0,0,4,False
7,4,4,0,3,0,0,False
8,7,4,0,2,0,0,False
0,9,8,0,0,0,0,False
4,3,5,0,5,0,4,False
5,3,3,0,1,0,0,False
3,2,4,0,6,0,0,False
13,8,4,2,8,0,0,False
9,12,5,0,1,0,1,True
5,16,3,1,3,0,0,True
9,12,3,0,2,0,0,True
10,5,8,0,1,0,0,True
0,0,0,0,0,0,0,False
11,14,6,0,5,0,1,True
8,14,2,2,0,0,1,True
5,14,8,0,3,0,0,True
10,7,3,0,1,0,1,True
1,1,0,0,1,0,0,False
12,9,4,0,2,0,0,False
1,2,1,0,1,0,1,False
7,8,2,0,2,0,0,False
10,7,4,0,6,0,2,False
4,11,4,0,0,0,0,False
5,2,4,0,5,0,3,False
9,2,4,0,4,0,2,False
2,9,2,0,4,0,0,False
6,17,4,0,4,0,0,False
9,8,4,0,2,0,2,False
6,7,4,2,2,0,2,False
0,1,3,0,0,0,1,False
0,3,2,1,0,0,1,False
6,6,6,0,1,0,0,False
8,3,0,0,2,0,2,False
12,5,6,0,0,0,0,False
2,6,1,0,0,0,1,False
9,7,2,0,5,0,2,False
4,5,4,0,0,0,4,False
6,7,4,0,2,0,2,False
11,11,4,0,3,0,0,True
8,11,5,0,1,0,1,True
5,9,4,4,4,0,0,True
6,13,4,0,2,0,1,True
1,6,0,0,0,0,0,False
6,5,4,0,2,0,2,False
8,1,8,4,2,0,2,False
3,9,2,0,3,0,2,False
5,4,6,0,0,0,2,False
2,1,5,0,0,0,0,False
3,1,1,0,3,0,2,False
11,6,10,0,2,0,0,False
7,2,6,0,2,0,2,False
8,2,6,0,5,0,0,False
9,0,7,0,1,0,3,False
4,1,4,0,2,0,2,False
10,9,7,0,2,0,0,False
8,1,4,0,8,0,2,False
15,2,4,0,4,0,0,False
4,1,0,0,0,0,1,False
2,4,2,0,0,0,0,False
0,4,0,1,0,0,0,False
7,1,3,0,3,0,0,False
3,4,2,4,1,0,0,False
4,3,1,1,1,0,2,False
11,4,2,0,3,0,0,True
4,14,3,3,4,0,1,True
9,12,4,0,2,0,0,True
8,7,1,2,3,0,0,True
2,14,3,2,0,0,0,True
5,1,1,4,4,0,0,False
11,14,3,0,4,0,1,True
4,5,2,0,1,0,0,True
5,10,1,0,1,0,0,True
8,12,2,0,2,0,0,True
6,6,7,0,5,0,0,True
2,9,3,0,1,0,1,False
8,23,3,4,2,0,0,True
7,3,8,1,3,0,5,True
14,8,4,2,1,0,0,True
7,12,4,0,2,0,2,True
5,2,1,0,4,0,1,False
0,0,2,0,1,0,0,False
5,1,4,2,0,0,2,False
7,0,2,2,2,0,1,False
5,1,0,0,2,0,2,False
1,4,1,0,0,0,2,False
6,1,2,1,0,0,0,False
3,1,0,1,1,0,2,False
3,1,2,1,1,0,0,False
2,6,2,0,1,0,0,False
6,25,2,0,0,0,1,False
7,1,4,0,1,0,2,False
8,2,5,0,0,0,1,False
7,2,4,0,1,0,3,False
9,3,0,0,1,0,1,False
5,0,6,0,2,0,2,False
9,10,4,0,3,0,1,True
8,12,3,0,0,0,2,True
12,3,4,0,4,0,1,True
6,9,6,0,3,0,0,True
6,3,2,0,1,0,2,False
6,0,3,0,4,0,3,False
5,0,3,0,4,0,3,False
7,0,3,0,1,0,2,False
8,2,3,0,0,0,0,False
8,0,1,0,1,0,0,False
10,1,2,0,3,0,2,False
6,2,4,0,1,0,1,False
3,3,1,0,2,0,3,False
2,5,3,0,0,0,1,False
5,1,3,0,3,0,1,False
8,0,1,0,0,0,1,False
8,0,4,0,0,0,1,False
1,3,1,0,1,0,0,False
4,2,4,0,0,0,0,False
7,0,5,1,3,0,2,False
4,4,2,0,0,0,3,False
5,5,4,0,2,0,4,False
1,4,3,0,0,0,2,False
6,0,4,0,0,0,3,False
6,3,3,0,1,0,1,False
5,3,7,0,2,0,3,True
6,12,4,0,3,0,1,True
6,8,7,0,2,0,2,True
5,8,5,0,1,0,1,True
3,1,3,0,0,0,1,False
8,5,8,0,2,0,0,True
6,13,4,0,1,0,0,True
6,17,6,0,2,0,3,True
4,11,3,4,1,0,1,True
5,4,5,0,0,0,3,False
9,0,5,0,1,0,3,False
5,4,4,0,0,0,3,False
6,2,4,0,2,0,0,False
7,2,3,0,1,0,1,False
7,0,2,0,2,0,1,False
7,4,0,0,1,0,0,False
6,10,2,0,1,0,1,False
10,0,7,0,3,0,7,False
5,2,6,0,0,0,1,False
12,5,2,1,2,0,4,False
7,5,5,0,2,0,1,False
7,2,3,0,4,0,2,False
7,2,5,0,3,0,0,False
9,0,4,0,0,0,2,False
10,2,1,0,1,0,2,False
6,2,4,0,1,0,4,False
4,2,5,0,0,0,2,False
6,15,5,0,3,0,0,True
9,6,3,0,5,0,4,True
4,8,6,0,0,0,3,True
6,7,4,1,2,0,2,True
8,5,11,1,3,0,1,False
12,9,3,0,2,0,0,True
5,7,8,0,0,0,0,True
5,9,2,1,2,0,0,True
7,16,4,0,2,0,1,True
6,3,2,0,4,0,1,True
5,13,4,0,3,0,0,True
8,13,4,0,5,0,0,True
4,9,4,1,3,0,1,True
4,13,4,2,1,0,1,True
3,7,5,0,0,0,0,False
6,4,9,4,2,0,0,True
11,11,6,1,2,0,3,True
6,8,5,0,3,0,1,True
4,4,5,0,1,0,2,True
1,10,4,0,0,0,1,False
1,8,4,0,0,0,2,False
9,7,5,0,4,0,1,False
11,7,5,0,4,0,0,False
1,8,2,0,2,0,0,False
3,4,7,1,4,0,3,False
6,8,3,0,5,0,4,False
4,7,5,0,0,0,2,False
8,5,5,1,2,0,0,False
6,11,6,1,3,0,0,False
1,12,1,0,1,0,1,False
8,5,6,0,3,0,3,False
2,4,6,0,1,0,2,False
5,9,6,0,4,0,4,False
3,6,6,0,1,0,1,False
6,13,4,0,0,0,0,False
0,7,5,0,1,0,0,False
2,5,3,1,0,0,1,False
2,13,9,0,2,0,0,False
2,0,2,0,3,0,1,False
8,4,4,1,3,0,0,False
9,11,5,0,5,0,1,True
8,11,7,0,1,0,1,True
7,4,2,0,4,0,0,True
7,12,3,1,6,0,0,True
1,6,2,0,0,0,0,True
5,14,3,0,0,0,1,True
5,5,6,0,1,0,2,True
4,7,3,0,4,0,1,True
6,9,7,0,1,0,1,True
6,9,3,0,0,0,1,True
10,3,7,0,4,0,1,True
10,17,3,0,3,0,0,True
5,18,4,0,2,0,2,True
6,10,6,3,2,0,0,True
6,14,2,0,1,0,0,True
9,8,6,1,1,0,1,True
11,8,7,1,3,0,0,True
3,2,4,0,2,0,3,False
7,4,4,0,2,0,0,False
0,0,0,0,0,0,0,False
7,8,4,0,3,0,1,False
5,0,5,0,4,0,1,False
5,6,0,1,4,0,0,False
0,0,0,0,0,0,0,False
4,8,2,0,0,0,1,False
1,0,1,0,1,0,0,False
7,1,7,1,4,0,1,False
6,3,6,0,3,0,5,False
3,1,1,0,1,0,1,False
15,4,6,0,5,0,1,False
11,0,3,2,7,0,1,False
10,3,2,2,2,0,0,False
6,6,6,1,2,0,1,False
2,1,1,0,2,0,2,False
3,2,4,0,0,0,1,False
13,6,4,0,3,0,0,True
6,9,7,0,3,0,0,True
11,15,8,0,3,0,0,True
7,17,5,0,0,0,0,True
3,4,2,0,1,0,0,True
4,4,2,1,0,0,0,True
2,7,0,0,1,0,0,True
4,3,2,0,1,0,0,True
9,7,6,0,5,0,3,True
3,2,2,0,0,0,0,True
9,8,3,0,2,0,1,True
2,3,1,0,3,0,1,True
3,8,1,0,1,0,0,True
10,2,3,0,4,0,2,True
5,3,4,0,0,0,1,True
5,1,2,1,1,0,1,True
5,9,2,1,3,0,1,True
7,3,4,2,1,0,1,True
12,5,2,0,0,0,0,True
6,2,4,0,0,0,4,True
6,3,4,0,3,0,1,True
1,6,1,0,2,0,2,True
10,7,8,1,4,0,1,True
6,13,3,0,3,0,0,True
11,9,8,1,4,0,1,True
6,7,7,0,4,0,0,True
2,0,2,1,3,0,0,True
7,3,4,0,2,0,0,True
6,5,0,1,2,0,0,True
12,1,2,0,1,0,0,True
7,2,1,0,2,0,2,True
5,1,3,0,1,0,0,True
7,2,1,0,0,0,0,True
5,6,3,0,1,0,0,True
2,6,5,0,0,0,1,True
5,2,3,0,2,0,1,True
3,5,4,0,2,0,2,True
2,7,2,0,1,0,1,True
6,2,2,1,2,0,1,True
1,11,0,0,1,0,0,True
6,2,4,0,5,0,1,True
9,7,4,3,2,0,3,True
7,2,3,1,3,0,0,True
6,3,1,0,0,0,1,True
5,2,1,0,2,0,0,True
2,7,3,0,1,0,1,True
11,4,6,1,0,0,1,True
10,10,3,9,5,0,1,True
7,6,5,1,3,0,2,True
2,26,2,0,2,0,0,True
3,8,4,1,3,0,0,True
6,2,3,3,0,0,0,True
5,1,3,1,4,0,1,True
3,6,5,0,0,0,1,True
5,5,1,0,2,0,1,True
5,8,2,0,2,0,0,True
4,3,1,0,3,0,2,True
4,3,2,0,1,0,0,True
2,6,0,0,2,0,1,True
8,3,3,0,2,0,0,True
4,8,2,0,0,0,0,True
3,6,5,0,1,0,0,True
1,4,1,0,0,0,1,True
4,4,3,0,3,0,0,True
4,6,3,0,1,0,0,True
4,11,2,0,1,0,1,True
6,3,3,0,2,0,0,True
1,13,2,0,1,0,0,True
1,6,1,0,0,0,0,True
3,9,2,0,0,0,0,True
0,8,2,0,0,0,0,True
3,12,2,0,1,0,0,True
2,9,2,0,1,0,0,True
7,9,5,0,1,0,0,True
7,7,3,1,2,0,0,True
12,10,4,0,4,0,0,True
8,11,3,0,8,0,0,True
4,15,4,0,4,0,1,True
4,8,1,0,2,0,0,True
2,17,6,0,2,0,0,True
4,16,4,0,4,0,1,True
7,15,7,1,2,0,2,True
10,13,6,0,3,0,1,True
8,13,8,0,3,0,1,True
30,38,12,4,5,0,3,True
8,11,4,0,5,0,0,True
8,10,2,0,6,0,0,True
21,37,11,0,7,0,2,True
8,9,6,3,4,0,2,True
29,39,7,0,5,0,6,True
6,2,4,2,3,0,3,True
3,10,4,0,0,0,4,True
3,8,3,0,0,0,0,True
8,10,8,0,7,0,0,True
3,16,2,1,1,0,0,True
4,6,2,1,0,0,1,True
8,13,3,0,2,0,1,True
4,12,3,0,0,0,1,True
7,3,2,0,3,0,1,False
12,14,4,1,4,0,1,True
9,8,3,0,2,0,1,True
4,17,3,1,4,0,0,True
7,6,2,0,4,0,1,True
10,1,4,1,2,0,0,True
5,2,2,0,1,0,1,True
5,8,3,1,2,0,1,True
9,3,3,2,1,0,1,True
8,2,6,0,1,0,1,True
5,2,4,2,0,0,1,True
0,0,1,0,2,0,1,True
8,2,2,0,0,0,0,True
3,1,1,0,4,0,3,True
10,2,2,1,0,0,0,True
8,5,3,0,3,0,0,True
4,3,2,2,1,0,0,True
13,12,4,1,3,0,2,True
7,6,3,1,3,0,0,True
3,4,2,0,4,0,1,True
8,4,3,1,0,0,1,True
2,1,2,0,2,0,0,True
1,0,1,0,0,0,0,True
9,14,6,2,1,0,1,True
7,7,4,1,2,0,2,True
6,18,2,0,2,0,0,True
9,10,6,0,2,0,0,True
3,7,5,0,0,0,0,True
8,2,3,0,0,0,0,True
5,2,3,0,1,0,0,True
5,1,4,0,2,0,0,True
5,8,1,0,2,0,0,True
6,1,2,0,3,0,0,True
8,1,5,0,3,0,0,True
3,9,3,0,2,0,0,True
14,9,3,1,4,0,1,True
6,8,10,0,0,0,2,True
11,11,6,0,0,0,1,True
6,12,4,1,0,0,0,True
11,4,2,2,4,0,0,True
2,5,3,0,1,0,0,True
4,7,6,0,1,0,0,True
3,9,4,0,0,0,0,True
0,3,0,0,0,0,0,True
5,12,3,0,0,0,0,True
1,1,0,0,0,0,0,True
6,7,11,1,2,0,2,True
7,11,4,0,3,0,2,True
5,8,2,0,2,0,1,True
5,5,4,0,2,0,4,True
10,3,2,0,5,0,2,True
9,13,6,1,2,0,2,True
1,1,0,0,0,0,0,True
0,1,0,0,0,0,0,True
5,6,4,0,2,0,0,True
0,2,0,0,0,0,0,True
3,2,2,0,0,0,0,True
14,3,4,1,1,0,0,True
1,1,0,0,0,0,0,True
12,3,7,0,4,0,0,True
13,7,5,0,2,0,0,True
6,12,6,0,1,0,0,True
7,1,8,0,0,0,0,True
5,4,6,0,4,0,1,True
0,1,0,0,0,0,0,True
11,4,8,0,2,0,1,True
8,1,3,1,0,0,0,True
0,1,0,0,0,0,0,True
7,3,4,0,2,0,1,True
1,1,0,0,0,0,0,True
5,2,4,2,1,0,1,True
0,1,1,0,0,0,0,True
3,6,2,0,1,0,0,True
6,12,4,2,2,0,1,True
8,11,4,0,1,0,0,True
7,12,5,1,2,0,2,True
6,23,4,0,2,0,1,True
0,1,0,0,0,0,0,True
0,2,0,0,0,0,0,True
3,10,2,3,3,0,3,True
5,2,4,0,1,0,0,True
4,1,3,0,0,0,0,True
4,1,1,0,1,0,0,True
10,7,5,1,4,0,0,True
8,8,3,0,3,0,3,True
6,9,5,0,1,0,0,True
11,17,5,0,3,0,0,True
8,4,4,0,2,0,0,True
10,5,4,1,1,0,1,True
1,6,2,0,1,0,0,True
6,0,3,1,2,0,0,True
7,6,5,1,4,0,1,True
5,10,6,0,2,0,0,True
3,4,1,0,2,0,0,True
1,1,0,0,0,0,0,True
5,8,4,2,0,0,0,True
5,6,1,2,4,0,2,True
8,11,8,0,7,0,0,True
6,21,3,0,3,0,0,True
5,14,3,1,3,0,0,True
0,1,1,0,2,0,1,True
4,4,2,0,1,0,0,True
6,4,5,0,2,0,1,True
3,4,1,0,0,0,1,True
1,1,1,0,1,0,0,True
1,1,0,0,0,0,0,True
7,2,4,0,2,0,0,True
6,4,1,0,5,0,0,True
10,13,3,0,1,0,0,True
3,15,5,1,0,0,2,True
6,19,2,2,2,0,0,True
7,13,8,0,2,0,2,True
11,4,0,1,3,0,0,True
8,15,5,5,0,0,0,True
2,1,3,0,2,0,2,True
15,12,10,1,3,0,1,True
18,9,11,4,5,0,5,True
0,10,2,0,0,0,0,False
11,18,4,0,3,0,0,True
10,15,7,0,4,0,0,True
10,16,4,0,1,0,1,True
9,13,7,1,2,0,3,True
7,16,3,0,1,0,2,True
9,6,3,4,1,0,1,True
9,19,4,1,3,0,2,True
11,6,3,3,2,0,0,True
5,10,5,2,2,0,0,True
5,5,4,0,2,0,1,True
6,10,5,1,3,0,1,True
22,15,9,2,4,0,1,True
24,13,11,0,8,0,2,True
2,5,3,1,2,0,1,True
9,17,3,4,0,0,0,True
4,11,3,0,1,0,6,True
8,18,3,0,2,0,1,True
4,5,3,0,3,0,1,True
9,7,7,0,2,0,0,True
8,4,3,0,2,0,1,True
9,9,3,0,3,0,1,True
4,12,3,0,4,0,1,True
5,2,3,0,2,0,2,True
7,6,5,0,3,0,2,True
6,7,2,1,3,0,1,True
0,1,3,0,5,0,4,True
6,17,2,0,3,0,1,True
8,8,6,0,2,0,0,True
7,4,4,1,2,0,0,True
3,13,3,0,2,0,2,True
9,12,5,2,3,0,2,True
8,5,6,0,2,0,0,True
6,14,6,4,1,0,0,True
6,9,5,0,2,0,0,True
4,4,2,0,6,0,1,True
13,7,7,4,4,0,0,True
9,6,6,0,2,0,1,True
4,12,6,0,2,0,3,True
11,14,3,1,4,0,1,True
6,6,5,0,1,0,1,True
5,9,2,1,2,0,0,True
9,15,3,2,5,0,0,True
9,7,5,5,2,0,2,True
7,6,6,0,3,0,1,True
9,6,3,0,5,0,4,True
7,14,5,0,2,0,1,True
12,10,4,0,1,0,1,True
9,12,7,0,1,0,3,True
3,17,6,2,1,0,4,True
2,11,5,0,1,0,0,True
6,14,2,0,1,0,0,True
11,13,6,0,0,0,0,True
0,19,5,0,1,0,0,True
7,12,7,1,2,0,4,True
8,10,2,1,2,0,0,True
5,16,5,0,2,0,5,True
5,4,3,0,0,0,0,True
9,13,2,5,1,0,0,True
8,9,4,0,3,0,0,True
5,8,4,0,3,0,3,True
7,15,5,0,4,0,0,True
6,15,1,0,3,0,0,True
10,7,2,0,4,0,0,True
5,14,1,0,4,0,0,True
12,9,4,0,3,0,0,True
9,12,5,1,1,0,1,True
13,5,4,0,1,0,1,True
2,3,3,0,1,0,0,True
3,4,3,0,1,0,2,True
1,8,3,1,0,0,1,True
3,2,3,0,0,0,2,True
2,1,1,1,1,0,0,True
4,5,1,0,2,0,0,True
3,4,3,0,1,0,0,True
2,2,0,0,1,0,1,True
3,5,2,0,1,0,2,True
4,6,4,0,1,0,0,True
2,0,0,0,1,0,0,True
6,5,2,1,2,0,0,True
3,6,2,0,2,0,0,True
2,6,2,0,1,0,1,True
1,8,1,0,0,0,0,True
5,3,3,0,2,0,1,True
4,5,1,0,0,0,0,True
5,5,1,0,3,0,0,True
0,0,2,0,1,0,1,True
1,1,2,0,0,0,0,True
2,6,1,0,2,0,1,True
0,1,1,0,3,0,1,True
1,5,0,0,1,0,0,True
2,1,1,0,1,0,1,True
1,5,4,0,1,0,1,True
3,2,3,0,2,0,0,True
1,6,2,0,1,0,0,True
1,0,1,0,1,0,1,True
5,2,2,0,2,0,0,True
2,7,1,0,2,0,0,True
2,5,1,0,2,0,0,True
5,3,3,0,1,0,0,True
0,3,2,0,1,0,0,True
5,6,1,0,1,0,1,True
1,2,2,0,1,0,1,True
15,10,3,0,5,0,1,True
5,9,3,2,5,0,2,True
5,3,1,0,1,0,0,True
3,1,3,0,3,0,1,True
11,9,8,6,5,0,1,True
6,12,2,0,1,0,1,True
6,10,6,1,1,0,2,True
2,0,2,0,0,0,0,True
6,8,5,0,1,0,0,True
4,6,2,1,2,0,1,True
17,32,6,2,7,0,2,True
4,10,2,0,2,0,0,True
5,0,3,1,3,0,0,True
25,10,11,2,7,0,2,True
5,7,2,2,1,0,1,True
6,9,4,0,3,0,1,True
11,10,6,0,1,0,2,True
6,14,4,1,0,0,1,True
12,4,6,0,3,0,0,True
10,12,6,2,6,0,3,True
3,2,2,0,0,0,1,True
15,1,3,0,7,0,1,True
13,4,6,3,7,0,0,True
3,0,0,0,3,0,0,True
15,10,6,1,1,0,1,True
9,10,3,2,2,0,2,True
5,2,1,1,1,0,1,True
8,5,4,0,4,0,1,True
5,17,2,2,4,0,1,True
5,14,4,2,1,0,1,True
14,6,4,0,8,0,0,True
5,4,1,0,4,0,2,True
5,0,3,1,1,0,2,True
3,13,6,0,1,0,1,True
8,9,5,0,2,0,0,True
10,2,8,0,1,0,1,True
7,11,3,0,7,0,0,True
20,10,10,6,10,0,4,True
7,8,5,3,3,0,0,True
3,12,6,1,0,0,4,True
1,2,1,0,0,0,0,True
9,10,4,4,3,0,1,True
25,13,18,2,9,0,10,True
16,14,7,1,7,0,3,True
8,14,3,0,3,0,2,True
9,8,6,1,3,0,1,True
11,3,4,3,6,0,1,True
2,1,0,0,3,0,1,True
8,1,10,1,4,0,3,True
7,14,5,0,0,0,1,True
4,8,6,3,3,0,0,True
12,4,6,0,3,0,0,True
15,15,4,2,3,0,0,True
11,10,8,0,5,0,1,True
3,10,6,1,3,0,0,True
3,11,2,0,3,0,0,True
20,27,8,6,8,0,4,True
7,2,2,1,4,0,0,True
11,7,5,0,4,0,0,True
39,41,17,8,14,0,3,True
12,3,11,1,5,0,3,True
8,6,7,0,1,0,3,True
10,3,3,2,5,0,2,True
15,4,4,0,1,0,0,True
11,4,6,1,6,0,3,True
11,11,5,1,4,0,4,True
27,16,17,3,6,0,2,True
10,7,3,2,2,0,1,True
15,4,4,0,2,0,2,True
23,12,10,1,6,0,1,True
5,12,5,5,3,0,1,True
4,7,0,0,0,0,0,True
4,14,4,0,3,0,2,True
12,5,6,0,2,0,0,True
5,6,2,0,2,0,0,True
8,7,4,1,1,0,0,True
5,11,4,3,1,0,0,True
8,7,7,0,1,0,3,True
8,2,3,0,4,0,2,True
5,11,6,1,3,0,0,True
9,11,8,0,2,0,0,True
11,6,6,0,2,0,0,True
14,4,6,4,2,0,0,True
8,19,3,0,1,0,1,True
6,4,2,0,0,0,0,True
27,11,13,4,8,0,8,True
6,10,2,1,3,0,2,True
13,2,8,3,2,0,1,True
4,0,2,0,1,0,1,True
10,2,5,0,3,0,3,True
8,8,4,3,3,0,0,True
4,12,8,2,0,0,0,True
10,7,7,0,3,0,1,True
4,8,4,0,7,0,2,True
5,1,2,0,0,0,1,True
8,3,7,0,4,0,2,True
9,3,7,1,3,0,2,True
5,2,2,0,2,0,2,True
2,1,1,0,0,0,1,True
9,12,5,1,1,0,2,True
9,11,4,0,2,0,2,True
8,1,3,0,0,0,0,True
11,9,10,1,1,0,0,True
12,7,5,7,1,0,2,True
10,12,4,0,3,0,0,True
11,10,4,2,2,0,0,True
5,14,5,3,2,0,1,True
10,5,6,3,1,0,0,True
12,9,9,0,4,0,2,True
6,1,2,0,3,0,0,True
7,13,7,1,3,0,1,True
0,2,0,1,1,0,0,True
6,10,6,2,0,0,5,True
11,9,4,1,3,0,1,True
6,3,1,0,2,0,0,True
9,3,3,1,3,0,2,True
4,8,2,1,0,0,1,True
8,11,3,1,2,0,0,True
7,1,3,1,1,0,0,True
11,6,6,3,1,0,2,True
18,1,9,2,4,0,1,True
12,4,4,2,3,0,0,True
13,9,5,3,3,0,0,True
12,7,9,5,2,0,0,True
7,5,1,0,0,0,1,True
12,7,4,0,1,0,1,True
9,16,3,2,0,0,0,True
6,10,2,1,1,0,1,True
0,5,2,0,2,0,1,True
4,10,2,1,2,0,0,True
4,3,1,1,1,0,0,True
3,2,1,1,1,0,2,True
10,7,2,0,2,0,1,True
4,4,1,1,2,0,0,True
0,2,0,0,0,0,0,True
5,9,1,0,1,0,0,True
4,4,2,0,1,0,1,True
3,2,3,1,2,0,2,True
8,8,4,0,3,0,0,True
4,2,1,0,1,0,1,True
7,1,4,0,2,0,0,True
5,9,2,0,1,0,0,True
11,2,6,0,3,0,1,True
5,4,4,0,1,0,0,True
4,2,2,0,0,0,0,True
3,7,4,0,1,0,1,True
3,2,0,1,0,0,0,True
5,0,1,0,0,0,0,True
5,9,2,0,0,0,1,True
2,4,0,0,0,0,0,True
3,3,3,2,3,0,1,True
4,4,1,0,0,0,0,True
4,2,3,0,1,0,0,True
3,5,1,0,1,0,0,True
3,5,2,1,1,0,0,True
8,4,5,0,1,0,1,True
3,5,4,0,0,0,0,True
2,6,2,0,0,0,0,True
2,6,1,0,0,0,0,True
5,8,3,0,1,0,0,True
8,4,3,0,2,0,2,True
9,6,3,2,6,0,5,True
1,7,2,0,3,0,0,True
5,9,3,1,0,0,1,True
2,4,3,0,3,0,2,True
5,8,1,1,3,0,0,True
9,6,3,0,4,0,0,True
8,7,4,2,1,0,0,True
1,5,2,0,0,0,0,True
6,4,6,0,3,0,1,True
2,8,4,0,0,0,1,True
3,8,1,0,1,0,0,True
5,10,4,1,2,0,2,True
6,8,2,0,1,0,1,True
4,10,4,1,2,0,2,True
6,12,5,0,2,0,0,True
7,8,4,1,2,0,0,True
7,7,4,2,4,0,2,True
6,7,2,0,2,0,0,True
2,13,3,2,0,0,1,True
1,4,0,1,1,0,1,True
11,9,7,1,0,0,2,True
7,6,5,0,2,0,2,True
4,9,4,1,1,0,0,True
7,9,3,0,2,0,0,True
7,8,6,1,4,0,1,True
6,9,4,0,1,0,0,True
6,4,2,1,2,0,2,True
2,9,6,0,3,0,1,True
13,7,5,2,3,0,3,True
10,3,7,0,4,0,4,True
5,7,4,1,1,0,2,True
1,7,2,0,3,0,0,True
7,13,8,0,1,0,2,True
6,8,2,0,1,0,1,True
4,6,3,0,3,0,1,True
4,16,4,1,5,0,0,True
1,3,2,0,1,0,1,True
5,2,1,0,0,0,0,True
12,6,5,0,5,0,0,True
5,2,3,0,0,0,2,True
10,1,5,1,3,0,2,True
6,2,2,0,0,0,0,True
0,7,4,0,2,0,0,True
4,3,2,0,1,0,0,True
7,3,2,1,0,0,0,True
3,6,2,0,0,0,0,True
2,2,3,0,1,0,1,True
6,0,3,1,3,0,0,True
8,1,5,1,5,0,1,True
4,4,3,0,0,0,2,True
6,4,5,1,2,0,1,True
14,0,4,0,8,0,2,True
3,4,2,0,1,0,2,True
7,2,1,1,0,0,0,True
10,4,3,0,3,0,0,True
3,3,3,0,0,0,0,True
4,3,1,0,1,0,0,True
4,5,2,0,0,0,0,True
4,1,4,0,1,0,0,True
8,5,4,1,2,0,0,True
6,0,1,0,3,0,0,True
4,3,2,0,0,0,0,True
3,13,1,0,0,0,0,True
9,3,3,0,3,0,1,True
3,2,2,0,1,0,0,True
3,3,1,0,1,0,0,True
7,2,6,1,0,0,0,True
3,1,2,1,0,0,0,True
1,3,2,0,2,0,1,True
9,7,6,1,1,0,1,True
6,3,3,0,0,0,0,True
12,2,4,0,3,0,0,True
4,1,2,0,2,0,0,True
6,1,3,0,0,0,0,True
3,4,3,1,0,0,0,True
7,5,4,1,1,0,1,True
16,9,5,1,4,0,4,True
2,0,5,0,2,0,0,True
11,3,5,1,8,0,0,True
3,3,3,0,1,0,1,True
4,2,1,0,2,0,0,True
5,2,2,0,1,0,0,True
1,2,1,0,2,0,1,True
4,8,3,2,1,0,3,True
0,2,1,0,1,0,0,True
3,4,5,0,3,0,0,True
4,4,1,1,0,0,2,True
5,3,4,0,2,0,1,True
4,2,2,0,3,0,0,True
2,2,1,1,1,0,0,True
5,3,2,0,1,0,1,True
2,0,1,0,0,0,0,True
4,6,4,0,0,0,0,True
7,3,1,0,0,0,1,True
5,8,1,0,0,0,0,True
2,1,1,1,1,0,2,True
4,6,1,0,2,0,0,True
3,2,2,0,1,0,0,True
4,5,2,1,1,0,2,True
4,5,3,1,1,0,0,True
3,1,3,0,1,0,0,True
4,7,1,0,1,0,0,True
6,3,2,2,3,0,0,True
2,3,2,0,1,0,0,True
5,5,2,0,1,0,0,True
2,6,3,0,2,0,2,True
2,7,0,0,2,0,2,True
4,4,2,1,1,0,1,True
5,1,6,0,3,0,3,True
2,9,2,0,0,0,0,True
4,4,3,0,1,0,0,True
6,3,4,1,1,0,0,True
6,3,2,0,2,0,1,True
1,2,1,0,1,0,0,True
6,1,2,2,3,0,1,True
4,2,6,0,1,0,2,True
3,5,2,0,1,0,0,True
2,5,3,1,0,0,1,True
5,5,1,1,0,0,0,True
3,1,2,0,2,0,5,True
4,3,4,0,2,0,0,True
5,1,3,0,2,0,0,True
4,2,1,1,2,0,3,True
4,3,1,0,0,0,0,True
1,2,1,1,1,0,0,True
7,2,1,2,1,0,3,True
1,2,1,1,0,0,0,True
1,2,0,1,1,0,0,True
6,7,1,0,0,0,0,True
5,6,2,0,2,0,0,True
2,1,1,0,1,0,0,True
5,5,3,1,0,0,1,True
9,1,3,1,1,0,0,True
4,2,1,0,4,0,0,True
5,6,1,0,2,0,0,True
4,3,2,0,1,0,0,True
2,2,2,0,4,0,0,True
4,0,3,1,0,0,0,True
3,9,2,0,1,0,1,True
6,4,2,0,1,0,1,True
3,1,4,0,1,0,2,True
3,7,3,0,3,0,0,True
2,2,2,0,2,0,2,True
7,4,2,2,3,0,2,True
5,4,1,0,1,0,0,True
4,8,2,0,0,0,2,True
5,9,2,0,0,0,0,True
4,2,3,2,1,0,1,True
2,1,1,0,1,0,0,True
3,2,2,0,2,0,0,True
4,1,4,0,1,0,1,True
7,4,2,0,1,0,0,True
3,4,3,0,3,0,1,True
8,3,1,0,0,0,0,True
1,9,2,0,2,0,2,True
4,7,2,1,3,0,0,True
3,6,2,1,1,0,1,True
7,5,2,1,2,0,0,True
3,3,2,0,2,0,1,True
5,5,1,0,2,0,0,True
0,0,1,0,0,0,1,True
4,6,1,1,2,0,0,True
5,4,2,0,2,0,0,True
4,10,2,0,1,0,0,True
7,5,6,0,1,0,2,True
3,1,1,0,1,0,0,True
6,2,3,0,1,0,0,True
6,4,2,0,1,0,1,True
2,7,2,0,2,0,1,True
2,4,1,1,1,0,0,True
4,3,2,1,1,0,1,True
12,27,5,0,4,0,1,True
3,18,6,0,1,0,1,True
10,11,4,0,3,0,1,True
11,8,7,2,5,0,0,True
11,5,4,0,2,0,0,True
7,8,5,0,5,0,4,True
8,10,8,0,4,0,1,True
8,10,4,0,2,0,4,True
10,26,5,0,2,0,1,True
7,10,5,2,2,0,0,True
4,14,5,0,0,0,0,True
7,7,6,2,1,0,3,True
30,17,17,0,13,0,6,True
7,9,7,0,3,0,2,True
12,16,6,1,5,0,3,True
16,10,3,0,7,0,0,True
7,3,9,0,1,0,2,True
4,10,0,0,1,0,2,True
2,9,0,0,0,0,0,True
10,4,7,0,2,0,4,True
9,4,10,2,3,0,2,True
5,11,2,0,1,0,1,True
5,8,4,0,1,0,1,True
4,5,3,0,3,0,1,True
4,10,4,0,2,0,0,True
0,16,3,0,1,0,0,True
8,3,7,0,0,0,0,True
5,8,6,0,0,0,1,True
2,8,1,0,0,0,1,True
5,6,5,0,0,0,1,True
7,7,5,1,4,0,1,True
5,5,1,0,4,0,2,True
1,7,2,0,3,0,0,True
6,2,7,0,4,0,1,True
10,11,5,1,6,0,2,True
10,8,6,0,8,0,0,True
8,15,6,2,8,0,1,True
5,5,6,1,1,0,0,True
11,4,7,0,4,0,4,True
9,14,8,0,2,0,0,True
6,3,3,0,1,0,1,True
6,6,4,0,2,0,0,True
5,2,4,0,1,0,2,True
5,3,3,1,2,0,0,True
3,3,1,2,2,0,0,True
4,2,4,0,1,0,0,True
9,4,2,0,3,0,0,True
3,7,4,0,1,0,2,True
6,1,1,0,3,0,0,True
10,2,6,1,2,0,0,True
4,2,2,0,2,0,1,True
7,2,2,1,1,0,1,True
6,6,3,0,2,0,0,True
9,6,3,4,1,0,0,True
5,1,2,0,0,0,0,True
7,3,5,1,2,0,0,True
7,5,5,1,2,0,0,True
5,7,1,1,2,0,0,True
9,5,3,1,2,0,0,True
6,1,2,0,2,0,1,True
5,2,2,0,0,0,3,True
7,3,3,1,3,0,0,True
5,2,2,0,0,0,0,True
2,4,4,2,2,0,0,True
7,6,3,2,1,0,0,True
3,2,3,0,2,0,1,True
8,4,1,1,3,0,0,True
12,6,8,1,1,0,0,True
7,8,7,0,7,0,1,True
11,1,8,3,1,0,1,True
7,13,6,0,1,0,0,True
19,2,6,0,7,0,3,True
12,4,8,1,2,0,0,True
13,3,7,0,2,0,0,True
2,20,4,1,0,0,1,True
4,1,0,0,1,0,1,True
6,1,4,0,2,0,1,True
9,5,4,2,2,0,0,True
5,2,3,0,1,0,2,True
11,1,4,0,2,0,2,True
9,10,5,0,5,0,1,True
11,5,7,1,4,0,2,True
5,0,3,0,2,0,1,True
8,1,7,0,2,0,2,True
14,11,7,0,3,0,2,True
3,6,1,1,2,0,0,True
18,4,5,1,2,0,4,True
12,2,7,0,2,0,2,True
10,8,4,1,2,0,0,True
5,1,3,0,1,0,0,True
5,7,4,3,3,0,2,True
22,21,11,7,13,0,4,True
6,7,5,0,2,0,0,True
7,0,2,0,0,0,1,True
17,6,5,2,3,0,1,True
14,5,5,0,2,0,0,True
4,0,4,0,3,0,1,True
8,13,13,1,7,0,0,True
22,14,6,8,5,0,3,True
14,15,7,0,2,0,2,True
5,10,6,0,2,0,2,True
15,11,4,3,2,0,0,True
4,8,9,0,9,0,2,True
22,6,15,0,10,0,3,True
3,0,1,0,1,0,0,True
9,17,6,2,2,0,1,True
14,6,5,0,3,0,0,True
5,1,1,0,6,0,1,True
16,9,12,0,6,0,2,True
24,28,12,4,11,0,3,True
11,11,5,1,0,0,1,True
5,0,2,0,0,0,0,True
16,16,5,1,1,0,2,True
10,10,5,2,2,0,1,True
12,16,4,2,2,0,3,True
15,6,5,0,0,0,0,True
24,25,17,2,2,0,3,True
5,0,2,0,0,0,1,True
18,4,6,2,2,0,4,True
7,12,4,0,3,0,2,True
9,19,9,1,3,0,1,True
24,9,12,4,5,0,4,True
13,16,8,3,6,0,0,True
8,3,9,0,6,0,2,True
6,10,6,2,5,0,1,True
4,1,1,0,0,0,0,True
16,7,11,4,2,0,3,True
2,4,0,2,1,0,1,True
17,18,7,3,3,0,6,True
21,21,9,1,9,0,4,True
8,0,3,0,1,0,2,True
9,12,5,0,0,0,1,True
14,11,8,2,6,0,5,True
19,4,9,0,2,0,1,True
12,5,4,2,4,0,1,True
11,5,4,0,3,0,1,True
4,0,3,0,7,0,0,True
10,10,7,1,3,0,3,True
8,14,8,0,2,0,3,True
10,13,6,0,4,0,0,True
10,8,7,0,4,0,1,True
3,12,3,1,2,0,3,True
18,42,6,0,4,0,3,True
15,40,9,0,8,0,2,True
11,9,2,0,6,0,0,True
8,13,6,0,4,0,0,True
16,42,7,2,4,0,2,True
9,12,6,0,3,0,1,True
5,7,4,1,1,0,1,True
4,10,3,1,1,0,1,True
24,37,15,4,3,0,4,True
8,21,8,1,2,0,2,True
20,32,6,0,6,0,3,True
11,8,7,0,5,0,5,True
4,8,3,0,0,0,0,True
9,13,4,0,5,0,1,True
3,34,3,0,0,0,0,True
8,36,4,0,1,0,0,True
9,8,3,0,2,0,2,True
10,8,8,2,3,0,4,True
10,6,8,1,2,0,1,True
12,6,5,0,7,0,3,True
4,12,3,2,2,0,1,True
5,16,3,1,6,0,0,True
6,36,3,0,2,0,1,True
10,20,4,0,2,0,3,True
5,9,11,1,4,0,1,True
11,1,4,1,4,0,0,True
12,4,7,1,7,0,2,True
2,4,4,0,2,0,2,True
8,9,9,0,1,0,2,True
6,16,5,2,3,0,0,True
7,7,5,2,3,0,4,True
9,6,4,0,3,0,3,True
10,5,9,2,5,0,6,True
13,7,7,0,2,0,1,True
6,2,4,0,1,0,1,True
7,3,5,0,3,0,1,True
7,4,5,1,4,0,1,True
5,4,4,0,0,0,0,True
15,8,6,1,2,0,2,True
7,4,6,4,2,0,2,True
10,7,6,0,4,0,1,True
7,18,6,2,0,0,0,True
10,3,2,1,3,0,0,True
4,2,1,1,0,0,0,True
9,10,7,6,2,0,1,True
9,5,3,2,2,0,1,True
8,13,5,2,2,0,0,True
14,8,8,0,3,0,2,True
3,8,4,1,0,0,1,True
10,14,4,2,2,0,2,True
4,2,3,0,1,0,0,True
1,9,1,0,0,0,0,True
3,9,6,0,2,0,0,True
11,11,5,0,4,0,0,True
9,6,7,0,3,0,1,True
12,11,9,1,2,0,1,True
4,11,2,2,1,0,0,True
8,7,5,2,1,0,1,True
10,4,3,1,2,0,0,True
3,1,4,1,2,0,1,True
8,8,5,1,2,0,1,True
17,8,3,0,8,0,0,True
16,6,5,2,2,0,0,True
13,10,4,2,5,0,0,True
12,5,5,0,1,0,1,True
3,2,3,1,0,0,0,True
4,16,6,0,0,0,0,True
10,11,6,0,4,0,0,True
4,9,6,0,3,0,1,True
7,8,2,3,6,0,1,True
9,7,3,0,4,0,4,True
5,8,5,1,1,0,2,True
6,12,6,0,4,0,4,True
6,2,7,2,1,0,0,True
4,16,6,0,0,0,0,True
2,5,2,0,0,0,1,True
4,7,2,0,1,0,0,True
12,9,9,0,3,0,2,True
8,14,8,1,1,0,0,True
13,6,5,0,6,0,2,True
1,4,1,0,0,0,0,True
11,7,6,2,3,0,3,True
2,13,4,1,0,0,0,True
6,6,4,1,0,0,1,True
10,11,3,3,5,0,0,True
14,9,8,0,4,0,1,True
10,9,7,0,8,0,0,True
8,13,4,0,3,0,0,True
4,10,7,2,3,0,0,True
6,5,6,0,0,0,4,True
10,2,9,0,7,0,1,True
8,4,5,0,3,0,0,True
8,6,7,0,5,0,1,True
25,17,4,4,6,0,2,True
7,9,3,1,1,0,0,True
13,9,5,0,3,0,0,True
5,5,3,2,3,0,1,True
21,15,14,1,8,0,5,True
9,12,5,1,3,0,4,True
25,8,12,8,13,0,10,True
6,4,3,0,3,0,0,True
8,4,2,0,7,0,0,True
18,17,11,8,2,0,4,True
24,7,10,4,10,0,2,True
10,21,10,1,5,0,1,True
6,9,4,0,7,0,3,True
11,4,5,0,4,0,0,True
10,7,2,4,2,0,0,True
2,7,1,1,3,0,4,True
4,4,4,2,3,0,2,True
23,12,8,0,2,0,0,True
7,7,10,0,4,0,1,True
6,8,4,0,2,0,1,True
13,5,10,0,5,0,0,True
13,5,4,2,2,0,0,True
11,13,6,2,3,0,1,True
10,9,7,3,6,0,0,True
2,7,3,3,2,0,0,True
12,12,6,0,4,0,2,True
10,8,4,2,3,0,1,True
4,1,3,2,3,0,2,True
11,14,4,2,3,0,3,True
9,17,4,0,1,0,0,True
23,4,11,4,8,0,5,True
12,41,6,0,6,0,0,True
6,9,6,0,2,0,3,True
7,6,2,1,0,0,0,True
6,9,4,0,1,0,0,True
5,2,3,0,4,0,1,True
6,13,8,0,0,0,0,True
13,6,4,2,0,0,2,True
10,12,6,0,2,0,0,True
7,14,6,4,6,0,1,True
10,2,6,2,4,0,0,True
10,11,8,1,1,0,0,True
6,5,6,1,6,0,0,True
13,10,7,1,1,0,0,True
7,6,4,0,2,0,3,True
8,3,2,0,4,0,2,True
8,10,2,3,5,0,2,True
3,14,1,0,2,0,0,True
10,9,8,1,4,0,1,True
2,6,5,1,2,0,2,True
2,3,1,0,2,0,1,True
6,10,6,1,2,0,0,True
6,14,2,0,0,0,2,True
10,11,4,1,2,0,1,True
11,14,5,3,3,0,2,True
3,9,1,0,3,0,1,True
9,13,5,1,4,0,0,True
9,6,6,0,4,0,2,True
5,8,5,0,1,0,0,True
11,6,6,2,3,0,2,True
7,5,4,1,1,0,0,True
3,16,5,2,3,0,0,True
8,16,10,0,3,0,1,True
5,1,2,0,6,0,1,True
12,12,5,0,2,0,0,True
9,7,6,1,4,0,1,True
11,8,3,1,4,0,0,True
2,9,4,1,0,0,0,True
5,5,2,3,4,0,1,True
5,16,8,0,2,0,2,True
13,11,6,0,4,0,3,True
9,8,5,0,4,0,1,True
4,11,10,0,2,0,2,True
12,1,6,0,3,0,0,True
4,9,4,2,1,0,0,True
5,11,2,5,1,0,1,True
14,5,5,1,2,0,1,True
1,10,1,0,2,0,1,True
8,6,7,0,5,0,1,True
7,6,4,2,4,0,3,True
10,11,7,0,5,0,1,True
10,15,7,0,4,0,0,True
11,13,5,2,3,0,0,True
12,6,9,0,3,0,1,True
10,6,7,0,2,0,3,True
4,9,2,1,3,0,0,True
11,11,5,0,6,0,1,True
18,14,6,0,7,0,3,True
12,4,4,2,1,0,2,True
9,9,4,2,3,0,1,True
4,10,4,1,1,0,2,True
10,6,4,2,4,0,3,True
3,8,2,0,0,0,0,True
8,19,9,1,4,0,0,True
3,13,4,2,3,0,0,True
9,10,7,4,1,0,0,True
5,1,2,0,4,0,2,True
8,11,5,0,1,0,0,True
11,5,3,1,2,0,0,True
7,7,5,1,4,0,1,True
11,11,6,0,3,0,0,True
7,7,6,0,4,0,1,True
3,8,1,0,2,0,0,True
6,7,3,0,2,0,0,True
11,11,5,0,1,0,0,True
9,15,10,0,1,0,0,True
9,12,4,2,4,0,2,True
9,7,7,2,0,0,0,True
3,8,2,2,3,0,0,True
2,9,2,2,1,0,1,True
14,9,3,0,6,0,2,True
9,16,5,1,2,0,1,True
6,11,2,0,1,0,0,True
29,7,28,2,14,0,14,True
5,2,5,0,3,0,2,True
3,3,1,2,1,0,0,True
22,4,19,1,7,0,6,True
2,8,4,0,0,0,1,True
7,10,7,1,4,0,0,True
7,7,2,0,2,0,1,True
9,8,5,3,2,0,2,True
9,6,3,2,6,0,5,True
10,11,3,2,3,0,3,True
4,6,1,1,2,0,1,True
10,3,2,2,2,0,3,True
6,1,8,0,3,0,9,True
45,4,34,6,13,0,15,True
8,9,8,0,4,0,3,True
4,2,4,3,0,0,0,True
10,6,6,0,1,0,3,True
3,11,4,0,1,0,0,True
12,5,5,0,3,0,1,True
3,9,4,3,2,0,0,True
4,10,0,0,1,0,2,True
12,4,8,1,1,0,1,True
3,6,0,0,0,0,0,True
12,5,4,0,5,0,2,True
9,2,4,0,3,0,0,True
6,10,5,1,3,0,1,True
9,5,3,1,4,0,3,True
7,20,6,0,2,0,1,True
9,5,6,1,5,0,1,True
9,12,4,0,2,0,0,True
4,8,5,0,3,0,1,True
5,11,1,2,2,0,0,True
9,13,6,0,5,0,2,True
5,13,3,0,5,0,3,True
8,8,5,0,4,0,0,True
8,18,5,0,7,0,1,True
14,39,5,0,2,0,0,True
4,11,5,2,2,0,3,True
7,14,3,0,1,0,0,True
10,12,1,0,1,0,0,True
8,9,2,2,3,0,0,True
9,7,6,0,3,0,1,True
8,9,4,1,5,0,2,True
12,3,3,0,0,0,1,True
12,17,3,0,6,0,1,True
4,7,5,0,5,0,1,True
11,4,4,2,2,0,0,True
5,12,3,4,3,0,0,True
10,16,3,0,3,0,0,True
10,5,5,3,1,0,0,True
12,12,7,2,4,0,2,True
12,8,2,2,5,0,0,True
18,4,11,0,3,0,3,True
11,6,8,3,3,0,0,True
8,14,2,0,2,0,0,True
6,12,4,1,3,0,1,True
9,3,9,0,1,0,4,True
6,6,3,0,3,0,2,True
6,18,9,2,2,0,1,True
14,39,5,0,2,0,0,True
10,6,4,0,3,0,3,True
6,15,4,1,1,0,1,True
20,10,11,0,3,0,0,True
11,11,5,1,2,0,0,True
6,6,4,0,2,0,0,True
15,13,6,2,5,0,0,True
5,12,5,1,2,0,1,True
4,8,6,0,0,0,0,True
3,17,4,1,1,0,1,True
9,6,3,1,4,0,0,True
9,10,7,1,2,0,1,True
11,8,8,1,4,0,1,True
6,15,4,1,1,0,1,True
6,6,4,0,2,0,0,True
10,41,7,3,5,0,0,True
20,10,11,0,3,0,0,True
11,8,8,1,4,0,1,True
9,10,7,1,2,0,1,True
12,17,3,0,6,0,1,True
9,10,8,0,2,0,0,True
6,4,4,0,4,0,0,True
5,10,4,4,3,0,0,True
6,2,10,1,5,0,3,True
11,11,5,1,2,0,0,True
8,11,3,1,2,0,1,True
11,17,3,0,9,0,1,True
8,12,2,6,0,0,2,True
6,8,2,0,0,0,1,True
9,19,5,0,3,0,1,True
5,17,1,4,2,0,0,True
4,4,2,0,1,0,0,True
4,3,4,0,1,0,2,True
4,1,0,1,1,0,2,True
5,2,1,0,1,0,0,True
4,1,2,0,2,0,0,True
7,2,8,0,4,0,3,True
8,2,3,0,1,0,1,True
3,3,1,0,1,0,0,True
1,3,1,0,0,0,0,True
5,3,1,0,0,0,0,True
6,14,8,0,1,0,0,True
7,8,6,0,5,0,0,True
8,9,5,0,3,0,2,True
9,8,7,1,3,0,0,True
4,0,3,1,3,0,0,True
4,1,1,0,1,0,2,True
7,4,5,2,4,0,3,True
6,10,5,0,3,0,2,True
3,15,1,1,2,0,0,True
7,15,3,0,0,0,0,True
6,9,5,0,1,0,1,True
3,11,5,4,2,0,0,True
12,12,4,0,4,0,0,True
8,8,3,2,5,0,0,True
5,8,3,0,5,0,0,True
6,1,4,1,3,0,0,True
7,9,4,3,5,0,0,True
10,7,9,0,2,0,0,True
2,0,0,0,2,0,1,True
5,1,1,1,0,0,0,True
4,3,1,2,2,0,0,True
4,6,5,0,1,0,1,True
5,2,3,0,2,0,0,True
3,2,2,0,1,0,0,True
1,1,2,0,0,0,2,True
10,9,4,0,3,0,2,True
4,12,3,2,3,0,0,True
6,11,3,1,3,0,0,True
6,11,5,0,1,0,0,True
3,3,3,0,2,0,0,True
4,2,5,0,0,0,1,True
0,1,0,0,1,0,0,True
7,2,3,0,2,0,0,True
3,2,2,0,0,0,1,True
2,2,2,0,0,0,0,True
2,1,0,0,1,0,0,True
6,6,1,0,0,0,0,True
5,12,3,2,2,0,1,True
4,11,3,0,3,0,0,True
8,10,3,1,1,0,0,True
9,7,3,0,3,0,0,True
0,1,1,0,0,0,0,True
4,2,1,1,0,0,0,True
1,3,2,1,0,0,1,True
4,2,1,0,3,0,2,True
2,5,2,0,0,0,0,True
3,5,1,0,3,0,1,True
5,2,2,1,0,0,0,True
2,5,2,1,0,0,0,True
0,2,0,0,0,0,0,True
6,13,5,0,3,0,0,True
12,3,9,0,2,0,2,True
5,14,5,0,0,0,1,True
5,14,5,0,1,0,1,True
6,9,2,1,0,0,0,True
2,3,2,0,1,0,1,True
0,1,0,0,0,0,0,True
6,6,2,0,0,0,0,True
0,2,0,0,0,0,0,True
1,13,4,1,1,0,0,True
5,9,4,1,2,0,1,True
3,5,2,0,2,0,2,True
6,14,4,0,2,0,1,True
12,7,4,0,0,0,0,True
13,4,7,0,3,0,0,True
10,3,6,3,3,0,1,True
0,2,0,0,0,0,0,True
4,3,1,0,3,0,2,True
1,2,0,0,0,0,0,True
7,4,6,1,0,0,0,True
0,1,0,0,0,0,0,True
5,3,4,0,3,0,2,True
10,6,5,2,2,0,0,True
3,3,1,0,1,0,2,True
1,6,4,0,1,0,1,True
8,8,2,1,2,0,0,True
9,6,5,1,2,0,0,True
6,16,6,2,3,0,0,True
6,14,5,1,2,0,0,True
4,8,3,0,1,0,0,True
4,4,2,1,2,0,3,True
14,2,1,2,3,0,0,True
6,1,3,1,2,0,0,True
3,1,3,0,2,0,1,True
6,2,1,0,1,0,1,True
4,2,3,1,2,0,2,True
5,2,2,0,0,0,1,True
3,2,2,1,2,0,1,True
9,3,3,1,4,0,0,True
3,4,2,0,1,0,0,True
7,4,3,0,0,0,1,True
6,1,2,0,2,0,1,True
6,1,4,0,2,0,1,True
5,4,4,0,2,0,0,True
5,2,3,0,2,0,0,True
6,3,3,0,1,0,1,True
5,2,3,0,1,0,0,True
4,8,4,1,1,0,0,True
3,2,3,1,3,0,1,True
6,3,4,0,0,0,3,True
0,0,2,1,2,0,1,True
5,10,4,0,2,0,1,True
11,3,1,0,6,0,1,True
6,8,4,0,3,0,0,True
5,3,3,0,0,0,1,True
5,3,3,1,2,0,2,True
3,4,1,0,2,0,0,True
4,0,2,2,3,0,0,True
5,5,2,1,3,0,0,True
4,6,3,0,1,0,0,True
5,6,5,0,2,0,0,True
6,6,4,2,1,0,0,True
11,5,4,0,0,0,0,True
4,3,2,0,2,0,0,True
5,2,4,0,1,0,0,True
3,2,2,0,2,0,0,True
6,2,3,0,3,0,0,True
7,2,3,0,1,0,0,True
3,6,3,0,1,0,2,True
5,3,2,0,4,0,3,True
2,6,3,0,0,0,1,True
3,3,2,0,2,0,0,True
9,7,5,0,2,0,0,True
3,0,2,0,2,0,0,True
9,5,5,3,3,0,0,True
2,5,2,0,1,0,0,True
8,6,1,0,1,0,2,True
9,1,3,1,4,0,1,True
7,3,9,0,4,0,3,True
2,11,2,1,1,0,1,True
3,4,3,0,1,0,0,True
5,1,3,0,2,0,2,True
4,3,2,0,2,0,0,True
10,5,8,1,4,0,2,True
7,8,8,1,3,0,2,True
6,5,3,2,4,0,2,True
11,1,6,3,4,0,0,True
13,8,5,4,7,0,0,True
10,2,5,2,4,0,1,True
3,12,6,1,0,0,0,True
8,5,4,2,3,0,3,True
10,4,9,3,0,0,0,True
14,7,7,1,4,0,0,True
10,4,5,2,3,0,3,True
7,4,5,4,3,0,0,True
10,12,5,1,3,0,2,True
5,2,5,0,0,0,0,True
7,6,0,2,2,0,0,True
6,1,1,1,4,0,1,True
4,6,3,0,2,0,0,True
10,3,5,1,3,0,0,True
14,2,6,1,6,0,0,True
2,11,4,1,0,0,1,True
13,9,6,1,2,0,0,True
10,4,3,3,2,0,0,True
11,9,5,1,3,0,1,True
16,4,5,2,6,0,0,True
8,5,1,0,0,0,0,True
18,6,6,2,5,0,0,True
9,11,5,2,3,0,0,True
8,7,10,1,3,0,0,True
4,1,5,3,5,0,4,True
15,3,9,1,4,0,0,True
5,5,2,1,2,0,0,True
5,3,1,0,1,0,0,True
5,3,2,1,1,0,0,True
6,2,2,0,0,0,0,True
7,9,6,3,1,0,0,True
4,11,5,0,2,0,0,True
10,5,3,1,1,0,0,True
10,13,5,1,2,0,2,True
13,5,11,1,3,0,3,True
13,11,6,1,3,0,0,True
16,4,6,0,6,0,2,True
11,1,9,2,2,0,0,True
13,13,7,2,5,0,0,True
8,4,5,1,2,0,2,True
17,5,7,2,6,0,0,True
12,3,4,2,0,0,0,True
10,8,2,1,2,0,0,True
8,4,4,1,1,0,2,True
5,4,1,0,1,0,0,True
4,4,4,0,0,0,0,True
4,7,2,0,1,0,0,True
3,4,3,1,2,0,0,True
4,7,5,0,2,0,0,True
17,2,7,2,5,0,0,True
4,5,6,1,1,0,1,True
6,10,5,1,2,0,0,True
12,2,2,1,4,0,0,True
7,9,2,0,3,0,0,True
7,5,1,0,2,0,0,True
4,13,3,1,2,0,1,True
9,16,8,1,1,0,1,True
13,3,5,1,2,0,0,True
10,5,5,2,4,0,0,True
7,3,3,0,7,0,0,True
5,3,8,1,5,0,0,True
4,7,1,1,1,0,0,True
3,10,2,0,0,0,0,True
6,2,2,0,2,0,1,True
2,8,2,0,0,0,0,True
6,10,4,1,1,0,0,True
14,2,6,3,0,0,0,True
7,3,5,3,4,0,2,True
9,4,6,1,1,0,4,True
12,1,6,0,4,0,6,True
2,3,4,0,1,0,0,True
1,4,4,0,0,0,0,True
4,5,7,1,5,0,1,True
5,1,3,0,1,0,0,True
1,3,2,0,2,0,0,True
1,1,3,1,1,0,1,True
11,1,4,1,3,0,2,True
11,3,6,3,4,0,1,True
3,2,1,0,1,0,0,True
4,6,3,0,2,0,0,True
0,7,2,0,1,0,0,True
3,3,3,1,0,0,0,True
7,0,8,3,1,0,1,True
6,2,1,0,1,0,0,True
2,2,3,0,2,0,0,True
14,2,8,1,4,0,8,True
2,4,3,0,1,0,0,True
3,1,3,0,2,0,2,True
3,5,1,0,0,0,1,True
8,9,6,0,1,0,1,True
5,1,3,0,2,0,1,True
13,1,5,0,2,0,2,True
4,2,1,0,1,0,1,True
3,5,3,0,3,0,0,True
6,3,3,1,0,0,2,True
5,8,2,0,1,0,0,True
6,0,4,1,3,0,1,True
6,2,1,0,2,0,1,True
1,4,2,0,1,0,1,True
5,5,3,0,0,0,0,True
2,1,2,1,2,0,0,True
10,2,6,0,4,0,0,True
4,2,3,0,1,0,1,True
2,3,2,0,1,0,1,True
3,0,2,0,0,0,0,True
10,3,2,1,1,0,1,True
5,4,1,1,2,0,0,True
3,1,2,0,1,0,1,True
2,8,2,0,4,0,0,True
4,8,2,2,1,0,1,True
9,0,2,1,2,0,1,True
7,1,4,0,0,0,2,True
7,2,2,0,0,0,0,True
4,2,2,1,2,0,0,True
5,2,1,0,1,0,0,True
2,6,2,0,0,0,1,True
5,2,1,0,2,0,0,True
9,5,5,0,5,0,0,True
5,1,0,0,1,0,1,True
3,1,3,0,1,0,0,True
10,2,4,0,5,0,0,True
2,3,3,0,1,0,0,True
8,2,5,0,3,0,0,True
2,0,1,0,2,0,0,True
3,6,2,0,0,0,0,True
5,5,2,1,1,0,0,True
2,5,2,0,1,0,0,True
9,7,1,0,3,0,0,True
10,5,5,0,3,0,0,True
4,6,6,0,2,0,2,True
3,3,3,0,2,0,0,True
6,7,5,0,3,0,0,True
12,2,4,0,3,0,0,True
5,1,2,0,1,0,0,True
3,2,2,0,1,0,2,True
10,3,4,2,4,0,3,True
7,7,3,0,3,0,0,True
3,2,2,0,0,0,0,True
6,3,3,0,2,0,2,True
4,4,0,0,1,0,0,True
5,4,1,0,2,0,0,True
8,2,2,1,0,0,0,True
4,4,3,2,0,0,0,True
10,8,3,0,4,0,2,True
5,0,3,0,0,0,2,True
3,4,2,0,1,0,0,True
11,3,5,0,10,0,4,True
16,5,4,2,4,0,2,True
0,3,3,0,1,0,1,True
6,0,3,0,0,0,1,True
8,2,5,0,2,0,2,True
8,5,4,0,4,0,1,True
4,1,2,0,2,0,1,True
11,6,5,0,2,0,0,True
3,0,0,0,0,0,0,True
4,6,1,0,1,0,0,True
3,5,3,0,2,0,0,True
4,5,2,1,1,0,1,True
12,2,6,0,0,0,1,True
2,5,3,0,0,0,0,True
5,3,1,1,0,0,0,True
3,3,0,0,0,0,0,True
3,0,2,1,2,0,2,True
4,3,2,1,0,0,0,True
3,3,2,0,0,0,1,True
6,2,3,0,1,0,0,True
2,3,4,0,0,0,0,True
2,4,2,0,1,0,0,True
14,2,6,0,2,0,0,True
8,1,6,0,3,0,2,True
3,3,2,0,0,0,1,True
4,3,2,0,2,0,0,True
5,1,2,0,1,0,0,True
5,3,2,1,0,0,0,True
0,3,3,0,2,0,0,True
5,2,2,1,1,0,0,True
6,8,0,0,0,0,0,True
1,1,1,0,1,0,0,True
4,4,3,0,1,0,1,True
7,7,4,0,0,0,0,True
4,5,0,0,3,0,0,True
5,2,3,2,0,0,0,True
4,0,3,0,3,0,1,True
8,2,6,2,0,0,2,True
9,4,5,0,1,0,3,True
8,1,6,0,6,0,1,True
10,2,6,0,0,0,1,True
6,6,6,0,4,0,2,True
11,4,5,0,2,0,1,True
3,4,1,0,0,0,0,True
3,3,2,2,0,0,2,True
2,4,1,0,1,0,0,True
11,2,8,2,3,0,1,True
3,3,1,0,2,0,0,True
3,4,1,1,0,0,0,True
5,2,4,0,2,0,0,True
5,10,1,0,0,0,0,True
5,4,2,0,2,0,0,True
3,6,2,0,1,0,0,True
4,2,2,0,1,0,1,True
2,1,2,0,1,0,3,True
2,2,1,0,3,0,0,True
6,3,2,0,2,0,0,True
6,4,1,0,0,0,0,True
4,4,4,1,2,0,0,True
4,4,1,1,0,0,1,True
3,2,2,0,2,0,1,True
3,3,0,1,0,0,0,True
4,6,2,0,2,0,1,True
7,1,3,1,1,0,1,True
0,0,2,0,1,0,0,True
14,8,6,0,4,0,1,True
12,4,3,2,6,0,0,True
7,10,5,0,2,0,0,True
11,6,4,1,2,0,1,True
2,6,1,0,0,0,0,True
14,16,3,1,4,0,0,True
13,7,6,0,1,0,0,True
5,3,3,0,3,0,0,True
5,2,3,0,1,0,0,True
0,1,1,0,2,0,0,True
0,0,2,0,1,0,1,True
2,3,1,1,1,0,0,True
11,7,4,1,3,0,1,True
6,2,2,0,3,0,1,True
3,5,1,0,1,0,1,True
4,4,1,0,0,0,1,True
4,2,1,0,9,0,0,True
7,2,5,0,4,0,0,True
8,4,3,0,3,0,1,True
7,5,3,0,2,0,0,True
7,4,4,0,2,0,1,True
8,3,5,0,0,0,3,True
7,1,5,0,3,0,1,True
6,6,3,0,2,0,0,True
8,2,1,1,3,0,1,True
3,1,1,1,2,0,2,True
3,3,3,1,1,0,0,True
6,0,1,0,1,0,0,True
3,0,3,0,2,0,1,True
4,1,5,0,1,0,1,True
1,1,2,0,2,0,1,True
6,4,4,0,2,0,0,True
6,2,2,0,1,0,1,True
5,3,4,0,1,0,1,True
7,2,3,0,2,0,2,True
8,8,4,0,3,0,0,True
9,7,4,1,1,0,1,True
3,3,0,0,2,0,0,True
5,5,2,0,2,0,1,True
5,2,5,1,1,0,0,True
2,3,3,0,1,0,0,True
5,3,4,0,1,0,1,True
3,3,3,0,2,0,0,True
4,2,1,1,0,0,0,True
4,4,2,0,0,0,1,True
0,1,3,1,1,0,1,True
1,1,3,0,3,0,0,True
3,5,2,0,0,0,0,True
3,4,2,0,1,0,1,True
9,1,2,0,3,0,0,True
5,5,2,1,1,0,0,True
5,5,4,0,3,0,1,True
6,1,4,0,1,0,0,True
6,6,3,0,1,0,0,True
5,1,4,0,1,0,1,True
12,4,6,1,3,0,2,True
4,4,1,0,0,0,0,True
3,2,4,0,1,0,0,True
4,2,2,0,0,0,0,True
5,1,2,0,1,0,0,True
4,1,2,0,1,0,0,True
4,3,3,0,0,0,0,True
6,3,0,1,1,0,1,True
3,4,1,1,2,0,0,True
3,3,1,0,0,0,0,True
4,1,2,2,1,0,0,True
1,4,3,0,0,0,0,True
5,0,5,1,0,0,1,True
4,2,0,0,2,0,0,True
1,6,2,0,0,0,0,True
9,6,3,0,3,0,3,True
2,5,0,1,1,0,1,True
6,2,3,0,0,0,0,True
3,4,2,0,0,0,0,True
1,5,1,0,0,0,0,True
4,4,3,0,2,0,3,True
5,2,2,0,1,0,0,True
0,4,3,0,1,0,1,True
6,4,1,0,2,0,0,True
3,3,2,0,1,0,0,True
6,2,1,0,4,0,0,True
5,2,1,0,1,0,0,True
8,10,4,0,5,0,0,True
5,3,2,0,2,0,1,True
6,1,2,1,1,0,0,True
5,0,1,1,4,0,0,True
5,2,2,0,2,0,1,True
4,1,3,0,1,0,3,True
3,1,4,1,1,0,0,True
5,0,1,2,3,0,3,True
9,11,7,1,4,0,1,True
13,1,9,0,1,0,6,True
14,1,3,0,4,0,1,True
8,6,2,2,4,0,1,True
3,2,3,0,2,0,2,True
13,9,5,0,6,0,4,True
16,3,5,3,5,0,1,True
12,5,5,0,2,0,0,True
1,3,2,0,3,0,0,True
6,16,5,2,3,0,0,True
15,3,3,0,4,0,1,True
3,0,2,0,2,0,2,True
3,1,6,0,1,0,1,True
5,16,4,2,2,0,1,True
11,9,6,0,7,0,0,True
10,8,7,3,0,0,0,True
3,20,5,4,0,0,0,True
9,5,7,0,3,0,2,True
4,8,8,2,3,0,3,True
6,12,6,0,2,0,0,True
24,25,16,1,8,0,3,True
1,0,0,0,2,0,0,True
4,11,5,0,5,0,0,True
8,6,4,0,2,0,0,True
11,6,3,0,4,0,0,True
11,9,5,0,3,0,1,True
15,5,3,6,2,0,1,True
10,9,3,0,1,0,0,True
7,3,5,4,3,0,0,True
2,3,2,2,2,0,3,True
7,9,6,0,1,0,2,True
9,3,5,2,0,0,0,True
1,0,2,0,0,0,0,True
10,5,7,0,4,0,2,True
7,14,1,0,2,0,0,True
5,12,4,0,4,0,0,True
6,11,5,5,3,0,0,True
2,3,3,2,0,0,0,True
13,2,5,0,3,0,0,True
13,8,7,1,0,0,2,True
6,6,6,1,3,0,3,True
13,9,5,0,1,0,3,True
7,6,4,2,0,0,1,True
11,5,6,0,2,0,0,True
5,1,3,0,1,0,1,True
17,5,10,3,8,0,5,True
10,15,2,1,1,0,0,True
10,13,5,0,3,0,0,True
2,3,3,0,1,0,1,True
10,2,4,0,3,0,2,True
4,13,2,0,6,0,3,True
6,6,7,2,2,0,1,True
5,0,3,0,1,0,0,True
3,1,1,0,1,0,0,True
11,3,7,0,3,0,2,True
6,12,3,1,1,0,2,True
20,18,11,4,9,0,4,True
3,12,6,3,3,0,0,True
9,6,5,0,2,0,2,True
3,2,1,0,1,0,0,True
11,5,5,2,3,0,1,True
5,14,1,2,2,0,0,True
2,0,1,0,1,0,2,True
11,6,6,1,5,0,0,True
11,18,5,0,3,0,1,True
13,8,8,2,4,0,1,True
13,9,4,3,2,0,2,True
3,8,3,2,2,0,0,True
4,1,2,0,0,0,0,True
8,3,7,0,2,0,1,True
6,3,5,0,4,0,2,True
11,9,5,1,2,0,0,True
4,0,4,0,1,0,0,True
6,7,4,2,4,0,2,True
5,4,4,0,1,0,0,True
5,3,4,0,4,0,2,True
4,1,1,0,2,0,0,True
6,12,5,0,2,0,0,True
11,0,8,0,2,0,2,True
2,7,4,1,1,0,0,True
13,2,6,0,2,0,0,True
3,0,2,0,2,0,0,True
20,13,5,4,1,0,0,True
6,2,1,1,1,0,0,True
23,1,12,0,5,0,0,True
16,1,4,1,6,0,2,True
6,0,4,0,3,0,1,True
13,4,4,0,0,0,0,True
10,4,6,0,3,0,2,True
7,10,4,3,2,0,2,True
7,3,5,0,1,0,0,True
12,12,3,0,0,0,0,True
14,12,5,2,2,0,2,True
19,3,5,0,6,0,1,True
8,6,5,0,3,0,0,True
6,2,5,0,1,0,1,True
8,13,6,0,1,0,0,True
13,6,6,0,4,0,2,True
6,0,3,0,1,0,0,True
16,6,5,2,4,0,0,True
7,11,6,2,2,0,1,True
8,25,4,4,2,0,0,True
8,1,4,0,0,0,4,True
4,3,3,0,5,0,0,True
1,0,1,0,0,0,0,True
7,1,5,0,1,0,0,True
2,1,1,0,2,0,0,True
7,5,2,0,0,0,0,True
4,2,1,0,0,0,2,True
4,3,3,1,2,0,0,True
5,0,3,0,3,0,0,True
4,1,1,1,3,0,0,True
1,0,2,0,2,0,0,True
6,1,0,2,5,0,0,True
3,3,0,0,2,0,0,True
7,6,3,1,1,0,0,True
6,1,1,0,2,0,0,True
6,6,2,0,3,0,0,True
2,2,3,0,1,0,0,True
4,5,2,1,2,0,0,True
8,3,2,0,2,0,0,True
2,6,2,0,1,0,1,True
4,8,2,0,1,0,1,True
4,3,3,0,1,0,1,True
3,6,2,2,4,0,1,True
6,3,2,0,3,0,3,True
3,5,1,0,2,0,1,True
4,6,1,0,2,0,0,True
5,4,1,0,2,0,1,True
2,6,4,0,2,0,2,True
2,6,3,0,1,0,1,True
2,6,3,0,3,0,0,True
2,0,2,0,1,0,2,True
8,0,2,2,4,0,0,True
8,1,5,0,3,0,0,True
5,7,0,0,2,0,0,True
7,1,3,1,3,0,0,True
1,1,1,0,2,0,0,True
7,5,1,0,1,0,0,True
3,7,2,0,2,0,1,True
6,6,1,0,2,0,1,True
3,4,3,0,1,0,0,True
6,1,1,1,3,0,0,True
4,0,3,0,2,0,1,True
0,2,2,0,3,0,1,True
2,9,2,1,3,0,0,True
1,3,1,0,1,0,0,True
3,4,1,0,3,0,1,True
6,4,1,0,1,0,1,True
5,1,1,2,2,0,1,True
2,1,0,0,3,0,0,True
5,4,2,0,2,0,1,True
3,6,1,1,2,0,2,True
0,1,2,0,2,0,0,True
0,6,1,0,1,0,1,True
7,2,1,1,4,0,2,True
6,2,5,0,2,0,0,True
7,4,0,1,4,0,1,True
2,1,0,0,1,0,0,True
1,1,2,0,1,0,0,True
4,2,4,0,0,0,2,True
4,3,3,0,3,0,0,True
5,5,3,3,4,0,2,True
4,2,5,0,0,0,1,True
7,6,3,0,1,0,2,True
4,3,1,2,2,0,0,True
2,1,3,1,1,0,0,True
2,0,1,0,1,0,0,True
6,0,2,0,4,0,0,True
3,2,3,0,1,0,1,True
7,4,2,1,1,0,0,True
3,2,1,0,0,0,0,True
4,4,2,2,3,0,1,True
3,4,1,0,1,0,1,True
2,1,0,0,2,0,0,True
4,4,2,0,2,0,1,True
6,5,1,1,2,0,0,True
5,2,1,2,1,0,1,True
6,6,2,0,0,0,0,True
2,3,2,0,2,0,0,True
2,4,1,2,3,0,2,True
2,0,1,1,0,0,0,True
6,4,1,2,2,0,0,True
5,1,2,0,2,0,0,True
4,8,0,0,1,0,0,True
5,3,3,1,2,0,1,True
3,7,1,0,2,0,0,True
4,1,3,0,3,0,2,True
0,0,1,0,0,0,2,True
3,2,3,0,1,0,1,True
3,4,4,2,2,0,1,True
3,6,1,0,3,0,0,True
7,1,6,1,1,0,3,True
8,7,7,1,3,0,0,True
3,15,3,1,1,0,0,True
9,7,4,1,0,0,0,True
10,2,6,1,1,0,4,True
6,6,5,1,2,0,0,True
10,1,5,7,3,0,1,True
8,4,4,1,1,0,2,True
11,4,4,2,5,0,1,True
6,4,4,1,4,0,3,True
8,4,5,1,4,0,4,True
7,4,10,1,0,0,1,True
6,4,5,1,3,0,6,True
16,4,6,1,4,0,0,True
13,7,7,5,1,0,0,True
7,8,4,0,3,0,1,True
8,5,4,1,5,0,0,True
7,3,4,1,4,0,3,True
15,7,7,2,3,0,1,True
10,5,13,1,3,0,2,True
11,5,7,1,4,0,2,True
5,11,2,1,2,0,0,True
6,10,5,1,3,0,2,True
8,10,12,3,2,0,1,True
13,3,7,0,3,0,1,True
8,9,5,1,1,0,0,True
8,9,5,1,3,0,1,True
11,6,6,1,2,0,1,True
6,8,5,1,6,0,0,True
12,1,6,1,0,0,1,True
8,9,7,1,4,0,0,True
8,5,4,1,4,0,3,True
6,8,4,1,5,0,0,True
13,4,4,1,2,0,0,True
8,11,5,1,6,0,1,True
16,2,5,1,1,0,1,True
16,4,3,5,7,0,4,True
8,5,3,4,0,0,0,True
10,7,4,1,4,0,2,True
10,1,8,1,3,0,0,True
2,2,1,0,3,0,0,True
3,2,2,0,2,0,1,True
4,3,3,2,0,0,1,True
6,0,8,1,2,0,1,True
4,6,0,0,0,0,0,True
3,3,2,0,0,0,1,True
1,3,2,0,0,0,0,True
4,4,0,0,4,0,0,True
5,1,3,0,2,0,0,True
6,0,3,1,0,0,0,True
2,3,2,0,1,0,0,True
5,1,3,2,1,0,0,True
5,4,1,0,1,0,0,True
1,5,2,0,0,0,0,True
3,3,1,0,1,0,0,True
3,2,2,1,1,0,1,True
3,4,2,0,0,0,0,True
4,6,6,0,2,0,0,True
3,6,5,0,0,0,0,True
4,5,5,0,1,0,0,True
7,1,2,1,1,0,0,True
2,3,5,1,3,0,1,True
5,7,2,1,2,0,2,True
2,1,2,0,3,0,1,True
5,6,1,0,2,0,0,True
10,2,0,2,1,0,0,True
4,3,0,0,2,0,0,True
3,2,0,0,2,0,0,True
8,8,3,0,1,0,0,True
7,2,5,3,2,0,1,True
3,6,2,0,1,0,0,True
1,4,2,0,1,0,0,True
6,1,5,1,2,0,2,True
9,5,4,0,1,0,1,True
7,3,3,0,4,0,0,True
6,10,2,0,0,0,0,True
9,6,2,0,0,0,0,True
9,5,4,0,2,0,0,True
6,3,4,4,2,0,0,True
8,1,5,1,1,0,1,True
8,2,5,0,0,0,0,True
5,1,3,0,1,0,0,True
5,4,4,0,0,0,0,True
4,5,2,0,1,0,0,True
2,0,2,0,2,0,2,True
6,1,2,1,0,0,1,True
4,1,2,0,4,0,0,True
3,2,4,0,1,0,0,True
7,6,1,1,0,0,0,True
6,3,2,2,3,0,0,True
3,4,0,0,2,0,0,True
5,7,5,1,2,0,2,True
6,7,2,0,3,0,0,True
2,9,2,0,0,0,0,True
7,10,5,1,1,0,0,True
8,5,2,0,2,0,1,True
7,3,4,2,2,0,0,True
5,1,3,4,2,0,1,True
9,3,3,0,1,0,0,True
10,7,3,0,2,0,0,True
5,4,1,1,2,0,0,True
4,2,5,2,2,0,1,True
6,3,6,0,0,0,1,True
6,1,1,0,3,0,4,True
11,3,4,0,0,0,0,True
4,2,3,0,1,0,1,True
8,4,4,0,2,0,0,True
4,8,4,1,4,0,1,True
2,12,5,1,5,0,0,True
11,7,3,0,5,0,1,True
15,11,7,0,4,0,3,True
6,4,2,0,2,0,0,True
9,8,7,0,3,0,2,True
6,5,5,0,1,0,5,True
14,5,10,0,5,0,0,True
9,0,2,0,3,0,1,True
9,2,4,2,1,0,1,True
8,3,4,1,7,0,0,True
2,2,1,0,3,0,0,True
12,2,5,0,2,0,0,True
6,19,3,0,1,0,0,True
7,8,2,1,4,0,0,True
11,13,3,0,1,0,1,True
4,8,8,0,4,0,2,True
10,3,4,0,2,0,0,True
36,20,15,3,13,0,6,True
2,0,2,1,1,0,2,True
11,7,4,0,2,0,0,True
7,12,1,0,5,0,0,True
7,0,2,1,0,0,0,True
11,1,1,0,4,0,0,True
12,2,5,0,3,0,0,True
7,1,4,0,3,0,4,True
7,0,3,0,2,0,0,True
7,4,4,0,4,0,3,True
16,4,8,0,2,0,0,True
5,13,8,0,2,0,0,True
8,7,6,2,2,0,0,True
6,2,3,1,4,0,2,False
1,0,0,0,1,0,0,True
8,3,3,2,2,0,0,True
10,10,5,0,2,0,1,True
4,1,3,1,2,0,1,True
19,3,16,0,8,0,5,True
4,13,4,0,0,0,0,True
2,4,4,0,1,0,2,True
8,2,5,0,0,0,2,True
6,8,8,1,3,0,1,True
12,31,7,3,4,0,2,True
8,3,6,1,8,0,3,True
6,6,3,2,3,0,0,True
5,2,4,1,1,0,0,True
7,8,3,0,4,0,1,True
3,16,3,2,1,0,0,True
4,2,3,0,1,0,0,True
3,9,3,0,2,0,7,True
13,1,4,0,2,0,2,True
8,3,5,2,3,0,1,True
7,0,3,0,3,0,1,True
9,7,6,1,6,0,0,True
9,0,2,0,2,0,0,True
7,11,5,0,3,0,1,True
7,17,6,0,1,0,0,True
12,3,6,0,3,0,0,True
7,13,4,0,4,0,0,True
4,13,7,0,5,0,1,True
7,12,6,1,3,0,1,True
8,11,3,0,3,0,0,True
12,3,7,0,7,0,2,True
9,10,3,4,2,0,1,True
6,13,6,0,4,0,1,True
8,7,3,0,2,0,3,True
7,13,4,0,2,0,1,True
4,14,1,5,3,0,2,True
8,11,5,0,4,0,1,True
8,13,6,3,4,0,1,True
4,13,4,0,3,0,0,True
6,6,5,0,1,0,1,True
9,13,5,0,1,0,0,True
8,15,9,0,2,0,0,True
6,6,5,3,2,0,0,True
12,8,4,1,7,0,2,True
6,2,5,0,1,0,0,True
6,3,8,2,1,0,1,True
5,10,4,0,1,0,2,True
4,8,5,2,3,0,1,True
7,5,6,0,2,0,3,True
8,9,4,1,1,0,0,True
2,15,1,1,0,0,2,True
3,5,4,1,3,0,1,True
8,8,7,0,2,0,0,True
7,5,4,0,2,0,4,True
9,14,2,0,3,0,0,True
5,6,3,0,3,0,1,True
3,5,4,0,7,0,1,True
8,9,6,0,5,0,1,True
7,7,2,0,5,0,2,True
7,15,5,4,1,0,0,True
5,11,10,0,1,0,3,True
1,15,3,1,1,0,4,True
10,9,4,0,3,0,1,True
8,6,3,0,3,0,1,True
9,16,1,2,3,0,0,True
3,11,3,0,2,0,0,True
6,4,2,0,1,0,0,True
3,3,6,0,1,0,2,True
6,10,4,0,1,0,0,True
6,6,6,1,1,0,1,True
1,2,4,0,0,0,1,True
7,3,6,0,2,0,5,True
7,9,5,1,2,0,1,True
7,10,4,1,2,0,0,True
5,2,5,0,3,0,3,True
4,7,3,0,2,0,3,True
6,9,2,0,1,0,1,True
5,6,5,0,2,0,3,True
8,6,3,0,5,0,2,True
5,8,5,2,4,0,1,True
12,3,4,0,3,0,1,True
3,8,5,0,1,0,1,True
5,17,2,0,1,0,0,True
11,8,3,0,3,0,0,True
7,8,3,0,3,0,0,True
6,6,8,0,5,0,3,True
8,2,7,2,1,0,2,True
7,7,5,0,5,0,3,True
10,12,8,0,0,0,1,True
6,5,5,0,1,0,2,True
5,11,3,0,3,0,0,True
12,11,6,0,3,0,0,True
4,21,4,1,2,0,0,True
3,6,5,0,1,0,0,True
3,4,3,0,2,0,1,True
6,5,4,0,3,0,2,True
10,8,3,2,4,0,2,True
4,15,5,0,0,0,0,True
4,5,4,2,3,0,1,True
10,3,3,0,1,0,1,True
9,6,3,0,4,0,2,True
5,14,5,2,0,0,3,True
6,4,3,1,1,0,1,True
11,5,3,0,3,0,0,True
7,14,4,0,3,0,1,True
7,8,6,0,3,0,0,True
9,12,1,1,3,0,0,True
11,14,7,2,1,0,0,True
5,13,2,0,3,0,1,True
4,3,2,0,2,0,0,True
9,4,6,1,2,0,0,True
7,9,5,0,8,0,5,True
12,4,2,0,3,0,4,True
2,23,0,0,0,0,0,True
13,15,4,0,2,0,0,True
6,6,7,0,4,0,0,True
10,7,8,1,4,0,3,True
9,9,5,0,3,0,2,True
5,9,8,0,3,0,4,True
11,5,8,0,5,0,2,True
8,9,3,1,4,0,1,True
17,18,6,0,6,0,3,True
9,9,2,0,2,0,1,True
4,12,5,1,2,0,0,True
2,11,6,0,3,0,3,True
8,9,6,1,4,0,2,True
9,7,2,0,4,0,0,True
4,5,1,0,3,0,1,True
4,16,2,0,2,0,0,True
5,16,4,1,0,0,1,True
4,9,3,1,2,0,5,True
7,9,3,3,2,0,1,True
11,5,7,0,3,0,2,True
2,5,4,0,1,0,2,True
4,14,4,1,3,0,1,True
0,7,1,0,0,0,0,True
6,6,3,0,2,0,0,True
11,8,6,0,3,0,1,True
4,5,6,0,1,0,2,True
7,6,3,1,3,0,2,True
5,6,4,1,1,0,2,True
8,8,3,0,5,0,0,True
3,13,3,1,2,0,3,True
5,6,1,2,0,0,1,True
4,8,8,0,0,0,2,True
3,4,1,1,2,0,3,True
7,10,4,0,0,0,0,True
1,6,2,0,0,0,0,True
4,3,0,0,3,0,0,True
0,1,0,0,0,0,0,True
1,6,2,0,3,0,0,True
0,2,0,0,0,0,0,True
4,3,3,0,1,0,0,True
2,1,2,0,4,0,0,True
5,3,3,0,0,0,0,True
0,1,0,0,0,0,0,True
3,6,4,0,0,0,2,True
2,4,5,0,0,0,0,True
2,7,2,0,1,0,0,True
1,1,2,0,0,0,2,True
1,1,0,0,0,0,0,True
4,6,2,0,2,0,0,True
6,3,2,0,1,0,1,True
1,5,1,1,0,0,1,True
6,4,5,0,4,0,4,True
0,2,0,0,0,0,0,True
10,5,3,1,3,0,0,True
0,2,0,0,0,0,0,True
0,1,0,0,0,0,0,True
9,0,1,1,3,0,0,True
0,2,0,0,0,0,0,True
0,1,0,0,0,0,0,True
4,2,3,0,0,0,0,True
0,1,0,0,0,0,0,True
0,1,0,0,0,0,0,True
6,2,10,0,1,0,0,True
9,1,0,0,3,0,1,True
3,4,2,0,2,0,0,True
5,4,2,0,1,0,0,True
13,4,7,2,3,0,0,True
3,3,2,1,1,0,0,True
1,0,1,0,1,0,1,True
7,2,3,2,3,0,0,True
4,2,2,0,3,0,1,True
5,1,3,0,2,0,1,True
0,4,2,0,0,0,3,True
1,1,0,0,3,0,1,True
4,6,2,0,0,0,1,True
6,4,2,1,1,0,1,True
4,1,4,1,2,0,2,True
5,3,2,0,1,0,0,True
4,3,2,2,2,0,0,True
3,0,1,0,2,0,3,True
3,8,2,0,1,0,0,True
3,3,2,1,1,0,3,True
1,2,2,1,2,0,0,True
2,2,0,0,3,0,0,True
2,3,2,1,3,0,1,True
4,4,5,0,2,0,0,True
4,6,2,0,0,0,0,True
1,3,2,0,1,0,0,True
3,6,3,0,1,0,1,True
4,3,2,0,3,0,0,True
4,2,2,1,1,0,2,True
1,0,1,0,1,0,2,True
5,4,2,0,1,0,1,True
2,2,1,0,1,0,0,True
4,8,4,0,0,0,0,True
2,6,0,0,1,0,0,True
6,3,4,1,3,0,0,True
2,7,2,0,3,0,1,True
6,5,2,2,2,0,0,True
6,2,2,1,2,0,0,True
1,0,1,0,2,0,0,True
3,3,3,2,1,0,1,True
6,1,2,0,2,0,0,True
4,7,2,1,2,0,0,True
2,3,1,1,2,0,0,True
4,4,2,1,2,0,2,True
2,4,2,0,2,0,2,True
6,4,4,0,2,0,1,True
3,2,1,0,0,0,0,True
5,5,1,0,0,0,0,True
2,11,2,1,1,0,1,True
8,5,2,0,2,0,0,True
8,2,2,1,2,0,0,True
2,1,2,0,2,0,0,True
0,2,2,0,0,0,3,True
8,3,2,0,1,0,0,True
3,2,4,0,1,0,2,True
3,1,1,0,1,0,0,True
6,2,3,0,2,0,0,True
4,6,1,0,1,0,2,True
3,4,3,0,0,0,1,True
3,4,2,0,1,0,0,True
4,2,2,0,2,0,1,True
2,1,1,0,4,0,1,True
6,3,4,0,5,0,1,True
3,2,3,1,1,0,2,True
1,2,1,0,1,0,0,True
0,0,1,0,0,0,0,True
8,3,3,0,0,0,1,True
5,2,4,0,0,0,0,True
3,5,1,1,1,0,2,True
4,8,0,0,2,0,1,True
3,0,1,0,1,0,0,True
4,8,0,1,1,0,1,True
3,3,2,1,2,0,0,True
1,2,1,0,1,0,0,True
7,3,1,1,0,0,0,True
0,4,2,0,1,0,0,True
5,2,1,0,1,0,1,True
6,2,3,0,1,0,2,True
7,4,3,0,2,0,0,True
4,3,1,1,1,0,1,True
5,8,1,1,3,0,1,True
0,0,1,0,0,0,0,True
0,4,3,1,0,0,3,True
2,6,2,0,1,0,0,True
1,0,1,1,2,0,0,True
0,4,1,0,0,0,0,True
7,8,2,0,1,0,3,True
2,4,2,0,0,0,1,True
3,5,2,0,1,0,0,True
0,4,1,0,0,0,0,True
0,11,1,0,0,0,0,True
1,0,2,0,0,0,1,True
4,3,0,0,4,0,1,True
5,7,2,0,0,0,0,True
2,4,1,0,1,0,0,True
0,0,1,0,0,0,0,True
5,5,4,0,1,0,0,True
7,3,2,1,0,0,0,True
4,2,3,0,3,0,1,True
5,6,2,0,1,0,0,True
5,2,3,1,1,0,0,True
3,6,1,0,4,0,1,True
1,1,2,0,1,0,1,True
3,3,2,0,2,0,1,True
1,4,1,0,0,0,4,True
2,2,1,0,0,0,1,True
3,2,2,0,1,0,2,True
1,1,1,0,0,0,0,True
0,1,2,0,2,0,0,True
3,5,2,0,2,0,0,True
1,7,1,2,0,0,1,True
4,3,1,0,2,0,0,True
2,0,1,1,0,0,1,True
4,5,0,0,2,0,1,True
2,3,4,0,1,0,1,True
4,2,2,1,2,0,0,True
4,3,5,0,2,0,0,True
4,3,2,0,0,0,1,True
4,3,1,0,1,0,0,True
3,5,1,0,1,0,1,True
2,2,4,1,0,0,0,True
5,2,1,0,0,0,0,True
6,0,3,0,2,0,0,True
2,3,1,0,0,0,1,True
3,1,4,0,2,0,1,True
4,3,2,0,1,0,0,True
2,2,1,1,1,0,0,True
3,3,2,0,1,0,0,True
1,5,1,0,1,0,1,True
5,1,1,0,2,0,1,True
1,1,3,0,2,0,0,True
2,3,3,1,1,0,1,True
2,5,2,0,1,0,0,True
5,1,2,1,2,0,0,True
2,0,6,0,1,0,0,True
10,0,6,0,3,0,2,True
1,0,1,1,1,0,2,True
10,9,4,0,3,0,2,True
7,5,2,1,1,0,0,True
11,6,11,0,2,0,0,True
2,3,2,0,1,0,0,True
2,4,1,0,2,0,0,True
5,2,1,0,1,0,2,True
3,4,3,1,0,0,2,True
4,6,2,0,1,0,0,True
4,3,2,0,0,0,0,True
4,3,2,1,0,0,0,True
3,4,1,0,3,0,0,True
1,4,1,0,1,0,0,True
4,3,5,0,2,0,2,True
8,7,5,0,2,0,0,True
10,0,4,1,5,0,2,True
3,2,3,0,0,0,1,True
2,4,2,0,0,0,0,True
12,2,6,0,4,0,0,True
3,3,3,0,0,0,0,True
3,5,2,0,1,0,0,True
2,6,2,0,0,0,2,True
3,2,1,0,2,0,1,True
10,5,3,0,4,0,0,True
4,1,2,2,3,0,0,True
1,5,1,0,0,0,0,True
2,2,2,0,1,0,0,True
9,0,5,1,3,0,1,True
7,5,1,1,2,0,0,True
3,3,1,0,1,0,0,True
2,3,3,1,1,0,0,True
4,2,2,1,0,0,0,True
4,3,2,0,0,0,0,True
4,4,2,1,2,0,0,True
5,2,2,0,2,0,0,True
7,2,10,0,3,0,3,True
2,5,3,0,2,0,0,True
4,2,2,0,0,0,0,True
1,3,1,0,1,0,0,True
4,2,2,0,2,0,0,True
2,3,2,0,3,0,1,True
8,6,6,0,5,0,0,True
3,6,1,0,0,0,0,True
11,2,5,0,5,0,0,True
4,3,1,0,1,0,0,True
3,2,1,0,1,0,1,True
9,6,4,0,6,0,4,True
4,2,1,0,1,0,0,True
9,3,5,1,4,0,1,True
8,5,4,0,3,0,2,True
6,2,1,0,2,0,0,True
8,10,3,0,2,0,0,True
7,3,6,0,2,0,5,True
5,8,4,0,1,0,1,True
8,2,2,1,2,0,1,True
8,7,3,0,2,0,2,True
14,7,6,0,2,0,0,True
6,8,4,2,4,0,2,True
10,5,6,0,5,0,1,True
8,10,4,0,4,0,0,True
11,10,4,2,2,0,0,True
4,14,3,0,1,0,0,True
5,13,4,0,3,0,2,True
7,11,4,0,2,0,2,True
6,14,4,1,2,0,0,True
13,10,8,2,4,0,0,True
8,7,8,1,5,0,1,True
7,5,4,2,2,0,1,True
15,2,5,2,8,0,1,True
7,8,6,1,5,0,4,True
11,14,4,3,5,0,1,True
9,10,3,2,6,0,0,True
2,6,1,0,1,0,0,True
9,10,5,0,7,0,1,True
10,3,6,0,3,0,1,True
9,8,2,4,5,0,1,True
8,17,4,0,4,0,0,True
7,6,3,0,3,0,2,True
6,9,7,0,4,0,1,True
12,7,4,2,4,0,5,True
6,3,3,0,2,0,1,True
10,9,5,2,2,0,2,True
6,9,6,1,2,0,3,True
6,13,2,0,0,0,2,True
3,13,5,1,0,0,1,True
12,2,14,0,7,0,5,True
10,8,3,0,3,0,0,True
6,0,4,1,1,0,0,True
14,2,8,1,0,0,3,True
16,0,8,0,3,0,1,True
5,6,4,0,3,0,0,True
2,5,1,0,1,0,0,True
19,8,4,1,1,0,1,True
29,1,11,0,8,0,3,True
27,14,17,3,10,0,4,True
6,1,3,0,2,0,2,True
9,4,4,0,3,0,1,True
4,10,2,0,3,0,2,True
5,10,3,1,1,0,0,True
13,5,4,3,0,0,1,True
9,11,2,0,4,0,0,True
11,2,5,0,4,0,1,True
25,28,10,3,10,0,7,True
3,3,4,0,0,0,2,True
10,15,8,0,1,0,2,True
5,2,4,0,1,0,1,True
8,9,6,0,1,0,0,True
8,3,7,0,2,0,1,True
22,18,13,3,7,0,2,True
3,3,4,0,0,0,2,True
20,12,7,1,1,0,1,True
11,5,6,0,2,0,0,True
12,3,10,0,3,0,4,True
6,1,0,1,2,0,4,True
7,2,8,0,5,0,1,True
3,11,2,2,2,0,1,True
7,4,6,1,3,0,2,True
8,6,7,1,3,0,2,True
11,8,3,2,7,0,3,True
6,14,6,1,4,0,0,True
4,13,8,0,0,0,5,True
3,3,1,2,1,0,0,True
9,3,7,0,5,0,1,True
9,10,2,1,1,0,1,True
11,3,3,1,1,0,0,True
9,3,4,2,3,0,2,True
2,3,1,2,3,0,2,True
2,6,3,0,1,0,2,True
8,3,2,2,3,0,1,True
13,17,6,0,6,0,1,True
7,11,6,1,6,0,1,True
7,10,4,0,3,0,0,True
12,15,9,0,6,0,4,True
10,3,7,2,2,0,0,True
7,9,6,1,3,0,5,True
8,15,4,1,3,0,1,True
8,12,1,0,2,0,1,True
6,9,7,0,5,0,1,True
7,12,4,0,2,0,7,True
10,9,4,0,8,0,0,True
3,6,2,0,0,0,2,False
1,20,5,4,4,0,0,True
10,5,8,0,1,0,2,True
5,10,6,2,1,0,0,True
10,1,6,1,1,0,1,True
22,10,15,6,9,0,1,True
7,7,2,1,0,0,3,True
9,12,9,0,2,0,1,True
5,6,7,2,1,0,1,True
7,8,2,2,3,0,1,True
8,5,7,1,2,0,4,True
6,6,6,2,5,0,1,True
6,12,5,0,5,0,2,True
10,5,8,1,3,0,5,True
7,5,8,0,1,0,3,True
13,17,8,0,3,0,0,True
11,6,5,0,3,0,5,True
13,8,5,0,4,0,0,True
7,3,6,0,4,0,1,True
10,10,4,1,3,0,3,True
3,10,5,6,2,0,0,True
10,5,9,2,3,0,4,True
2,2,1,0,2,0,0,True
2,1,2,0,1,0,1,True
8,6,4,0,3,0,2,True
4,13,4,1,2,0,0,True
3,0,3,0,5,0,0,True
12,6,4,1,2,0,2,True
8,7,9,1,1,0,2,True
13,6,7,2,7,0,0,True
4,10,7,0,1,0,2,True
7,10,5,0,5,0,5,True
7,9,8,0,3,0,1,True
8,0,3,1,2,0,2,True
3,0,0,0,0,0,1,True
11,5,7,2,6,0,1,True
25,8,10,5,7,0,2,True
11,12,5,1,4,0,2,True
6,4,1,1,4,0,0,True
2,11,4,0,2,0,0,False
5,10,5,2,5,0,1,True
5,11,2,1,6,0,0,True
8,1,5,2,3,0,2,True
18,3,6,2,3,0,2,True
4,10,3,0,2,0,2,True
2,6,4,1,0,0,1,True
5,19,2,1,2,0,0,True
6,0,2,2,4,0,2,True
3,3,1,2,1,0,0,True
40,1,35,2,13,0,13,True
7,1,3,2,0,0,0,True
16,3,11,0,3,0,2,True
1,5,5,0,3,0,2,True
9,0,4,0,6,0,0,True
8,4,3,1,5,0,2,True
1,5,8,2,3,0,4,True
8,11,6,4,3,0,0,True
4,6,3,0,1,0,1,True
16,5,8,0,2,0,2,True
14,15,8,1,5,0,5,True
5,16,7,4,3,0,1,True
6,11,6,0,2,0,0,True
8,11,2,0,1,0,0,True
11,11,14,4,1,0,2,True
9,7,2,0,1,0,0,True
6,20,4,0,4,0,0,True
11,7,9,5,5,0,0,True
11,21,10,0,5,0,3,True
17,5,14,0,9,0,13,True
6,5,3,0,3,0,1,True
10,14,6,1,4,0,2,True
7,10,9,1,4,0,2,True
9,8,4,0,3,0,0,True
31,6,36,2,16,0,20,True
6,4,6,0,0,0,4,True
7,3,3,2,5,0,1,True
20,9,5,3,7,0,1,True
8,1,5,2,3,0,1,True
9,8,6,0,2,0,0,True
10,12,2,0,1,0,1,True
27,3,18,0,7,0,8,True
7,2,2,2,3,0,1,True
12,4,4,2,4,0,1,True
7,5,6,0,4,0,4,True
9,6,6,1,2,0,0,True
9,11,5,2,4,0,1,True
6,5,7,0,4,0,5,True
7,3,3,0,1,0,0,True
9,4,6,2,6,0,0,True
10,5,8,0,5,0,0,True
26,2,22,2,8,0,6,True
10,13,7,1,1,0,0,True
7,5,4,0,5,0,0,True
8,5,2,1,5,0,1,True
4,6,5,0,3,0,0,True
6,4,5,0,3,0,0,True
8,5,5,1,2,0,0,True
5,12,4,1,2,0,1,True
8,16,3,0,3,0,0,True
5,7,2,0,1,0,1,True
9,3,6,2,0,0,0,True
3,8,3,0,1,0,0,True
6,6,2,1,2,0,0,True
8,3,4,1,1,0,0,True
8,0,1,0,1,0,1,True
6,2,3,2,2,0,1,True
7,1,4,0,2,0,3,True
1,7,4,0,4,0,1,True
7,2,2,1,1,0,0,True
11,5,3,1,1,0,1,True
6,1,2,0,2,0,0,True
2,4,4,0,3,0,2,True
9,4,4,0,2,0,0,True
7,6,3,1,4,0,2,True
3,1,3,0,0,0,0,True
5,2,1,0,1,0,1,True
8,1,1,1,2,0,0,True
6,2,2,0,1,0,0,True
4,2,2,2,3,0,0,True
2,8,1,0,2,0,1,True
2,11,1,0,1,0,1,True
7,10,5,3,2,0,1,True
6,13,3,1,3,0,0,True
12,12,8,1,3,0,0,True
9,10,1,0,6,0,0,True
10,10,6,0,5,0,1,True
11,9,7,1,5,0,1,True
11,5,5,0,6,0,1,True
9,4,5,1,1,0,0,True
15,20,5,1,8,0,1,True
14,7,6,0,1,0,1,True
8,5,4,1,1,0,0,True
5,14,2,0,2,0,1,True
9,12,7,1,5,0,5,True
7,8,6,0,3,0,0,True
9,2,8,0,3,0,2,True
9,7,4,2,0,0,2,True
9,4,5,0,5,0,0,True
10,9,4,1,6,0,0,True
8,13,5,1,3,0,1,True
13,7,9,0,3,0,1,True
11,4,13,4,1,0,2,True
8,1,5,0,5,0,0,True
6,4,2,0,1,0,1,True
10,9,7,0,1,0,2,True
10,9,7,3,1,0,2,True
3,28,1,0,1,0,0,True
9,0,3,3,3,0,2,True
11,10,7,0,3,0,1,True
13,15,8,0,3,0,3,True
0,7,1,0,0,0,0,False
1,4,3,0,0,0,0,False
0,4,1,0,1,0,0,False
8,6,6,2,1,0,0,False
2,6,1,0,1,0,0,False
3,8,2,0,1,0,2,False
2,3,3,1,0,0,0,False
2,4,3,0,1,0,1,False
1,5,2,0,0,0,2,False
4,6,8,1,5,0,5,False
1,9,1,0,0,0,1,False
6,7,7,0,4,0,2,False
0,7,1,0,0,0,3,False
1,7,3,0,0,0,1,False
0,9,1,0,0,0,0,False
8,5,6,1,2,0,2,False
0,8,2,0,0,0,0,False
1,4,4,0,0,0,0,False
3,7,2,0,1,0,1,False
0,6,2,0,0,0,0,False
4,7,5,0,0,0,1,False
0,1,0,0,0,0,0,False
2,5,1,0,0,0,0,False
0,9,2,0,0,0,1,False
8,4,6,0,4,0,2,False
5,6,6,1,2,0,1,False
1,7,3,0,1,0,1,False
0,8,4,0,0,0,0,False
1,4,1,0,1,0,0,False
0,6,3,0,0,0,0,False
1,4,2,0,0,0,1,False
2,5,1,0,0,0,0,False
0,5,1,0,1,0,0,False
2,8,2,0,1,0,0,False
1,5,2,0,0,0,0,False
1,10,1,0,0,0,0,False
1,10,2,1,0,0,0,False
2,5,3,0,0,0,0,False
2,2,0,2,0,0,0,False
3,2,3,1,0,0,0,False
8,3,4,2,4,0,0,False
11,2,4,0,3,0,0,False
1,4,3,0,1,0,0,False
7,2,6,2,0,0,2,False
8,3,9,2,6,0,2,False
4,1,2,0,0,0,0,False
12,1,8,0,0,0,2,False
4,5,4,0,2,0,0,False
2,2,0,0,2,0,4,False
2,11,4,0,0,0,0,False
10,2,8,0,5,0,0,False
9,6,2,0,4,0,0,False
2,1,1,0,0,0,0,False
4,3,6,0,2,0,4,False
3,1,4,0,2,0,0,False
8,0,11,0,4,0,0,False
0,0,0,0,1,0,1,False
12,1,4,0,4,0,0,False
4,7,2,0,0,0,0,False
6,2,2,0,2,0,4,False
10,5,6,2,4,0,0,False
1,3,1,0,0,0,1,False
8,7,6,0,2,0,2,False
7,4,4,0,0,0,0,False
7,8,6,0,0,0,0,False
12,2,2,0,1,0,2,False
1,0,2,0,1,0,0,False
10,5,4,0,2,0,2,False
3,0,3,0,0,0,0,False
6,7,4,0,0,0,0,False
11,1,5,0,0,0,0,False
6,15,2,0,0,0,0,False
6,3,6,2,4,0,0,False
11,2,6,0,4,0,0,False
11,2,4,2,2,0,4,False
2,0,4,0,0,0,0,False
6,3,6,0,4,0,0,False
2,0,3,0,1,0,1,False
16,3,4,0,2,0,2,False
8,7,8,0,4,0,0,False
6,5,6,0,4,0,2,False
4,3,7,2,3,0,0,False
5,6,4,0,2,0,0,False
8,3,8,0,4,0,2,False
6,9,2,0,6,0,2,False
3,3,3,0,0,0,0,False
6,8,4,0,0,0,0,False
4,2,1,0,0,0,0,False
2,3,3,0,0,0,0,False
6,9,4,0,0,0,0,False
3,0,4,1,0,0,0,False
3,8,4,0,4,0,0,False
9,2,8,0,0,0,4,False
9,6,4,0,0,0,0,False
0,0,0,0,0,0,0,False
0,5,4,0,0,0,1,False
8,3,4,0,0,0,0,False
12,5,8,0,6,0,0,False
5,2,6,0,4,0,0,False
20,5,19,2,14,0,15,False
2,3,6,0,2,0,2,False
3,12,5,0,0,0,2,False
6,23,8,0,0,0,2,False
6,1,2,0,2,0,0,False
0,0,0,0,0,0,0,False
1,17,2,0,4,0,4,False
2,12,4,2,0,0,0,False
0,0,0,0,0,0,0,False
0,5,10,0,0,0,4,False
0,13,1,0,0,0,0,False
2,12,2,2,4,0,0,False
0,0,0,0,0,0,0,False
8,17,10,2,4,0,10,False
4,5,2,2,0,0,0,False
4,18,6,4,2,0,2,False
0,0,0,0,0,0,0,False
0,2,1,0,0,0,0,False
0,0,0,0,0,0,0,False
2,19,8,0,2,0,6,False
0,15,2,0,0,0,0,False
2,9,6,2,0,0,4,False
0,0,0,0,0,0,0,False
4,26,4,0,1,0,0,False
0,0,0,0,0,0,0,False
11,17,4,2,2,0,2,False
3,1,3,0,0,0,0,False
0,0,0,0,0,0,0,False
2,5,0,2,0,0,0,False
8,13,14,0,0,0,0,False
3,1,1,0,0,0,1,False
0,0,0,0,0,0,0,False
2,15,4,0,0,0,4,False
8,17,6,2,0,0,2,False
2,17,8,0,2,0,2,False
0,0,0,0,0,0,0,False
6,3,0,2,6,0,4,False
2,14,7,0,0,0,6,False
0,0,0,0,1,0,1,False
5,14,10,0,0,0,2,False
0,27,6,4,0,0,0,False
0,0,0,0,0,0,0,False
9,10,4,2,4,0,0,False
3,14,4,0,2,0,2,False
0,21,6,0,0,0,4,False
0,0,0,0,0,0,0,False
1,4,0,0,1,0,2,False
0,0,2,0,0,0,0,False
13,4,10,2,0,0,2,False
2,9,6,0,2,0,0,False
0,9,4,2,0,0,2,False
6,18,8,0,2,0,5,False
3,10,8,0,0,0,2,False
5,1,1,0,3,0,0,False
0,0,0,0,0,0,0,False
4,11,11,0,0,0,4,False
2,17,4,2,0,0,2,False
2,10,6,2,0,0,2,False
5,1,1,0,1,0,1,False
0,0,0,0,0,0,0,False
0,0,0,0,0,0,0,False
0,7,2,0,2,0,0,False
15,10,6,0,0,0,4,False
3,9,5,0,6,0,4,False
6,32,4,0,2,0,0,False
0,0,0,0,0,0,0,False
2,1,3,0,0,0,1,False
3,5,5,0,1,0,0,False
2,4,6,0,4,0,3,False
2,0,0,2,0,0,1,False
2,6,5,0,3,0,1,False
0,0,0,0,0,0,0,False
2,9,2,0,0,0,0,False
4,2,3,1,0,0,1,False
1,4,2,0,0,0,0,False
0,8,2,1,0,0,0,False
5,9,4,0,0,0,1,False
1,13,4,0,0,0,1,False
5,10,4,0,2,0,1,False
4,6,5,1,2,0,0,False
3,5,4,0,3,0,1,False
2,7,4,0,1,0,1,False
0,0,0,0,0,0,0,False
0,0,0,0,0,0,0,False
4,3,4,0,1,0,2,False
4,1,1,0,1,0,0,False
0,0,0,0,0,0,0,False
0,11,2,0,0,0,0,False
4,5,6,2,2,0,2,False
4,4,4,0,3,0,3,False
1,5,2,1,0,0,1,False
0,0,0,0,0,0,0,False
8,1,7,0,8,0,2,False
4,3,4,0,2,0,0,False
5,5,2,0,1,0,0,False
1,7,3,0,1,0,3,False
1,6,0,0,0,0,0,False
2,5,3,0,2,0,0,False
5,8,3,0,0,0,1,False
1,4,3,0,1,0,2,False
0,7,2,0,0,0,0,False
2,1,2,0,0,0,0,False
0,0,0,0,1,0,0,False
1,21,4,2,0,0,2,False
0,0,0,0,0,0,0,False
4,11,4,0,2,0,0,False
6,1,6,1,1,0,4,False
3,4,6,2,2,0,4,False
3,22,10,0,0,0,4,False
1,0,2,0,0,0,0,False
0,0,0,0,0,0,0,False
0,0,0,0,0,0,0,False
9,2,10,0,2,0,2,False
0,17,8,0,1,0,0,False
2,12,6,0,0,0,4,False
4,2,3,0,3,0,1,False
0,0,0,0,1,0,1,False
3,2,2,4,0,0,1,False
2,7,1,0,1,0,0,False
4,3,4,0,4,0,0,False
2,8,2,0,1,0,0,False
4,5,2,0,2,0,0,False
2,1,1,0,0,0,0,False
7,2,8,0,0,0,0,False
4,4,1,2,2,0,1,False
5,7,4,0,5,0,0,False
12,1,4,0,4,0,2,False
2,11,6,0,2,0,2,False
7,6,2,0,4,0,0,False
6,0,1,0,1,0,0,False
2,5,2,0,0,0,0,False
5,6,1,0,1,0,1,False
5,10,4,0,2,0,2,False
1,3,0,0,1,0,0,False
3,2,1,0,0,0,0,False
3,13,2,1,0,0,0,False
14,1,6,0,7,0,1,False
0,31,4,0,0,0,2,False
2,19,6,0,0,0,4,False
10,10,6,1,5,0,1,False
6,2,4,1,0,0,0,False
5,3,3,1,1,0,0,False
0,0,0,0,0,0,0,False
5,3,3,0,6,0,0,False
1,0,2,0,0,0,1,False
5,5,4,0,2,0,1,False
2,0,1,0,0,0,0,False
2,0,0,1,0,0,1,False
0,0,0,0,0,0,0,False
7,1,5,1,2,0,1,False
7,10,0,9,4,0,3,False
4,7,4,1,0,0,2,False
0,1,0,0,0,0,0,False
6,6,2,0,3,0,1,False
1,2,0,1,1,0,0,False
2,0,1,1,0,0,0,False
2,1,1,0,0,0,0,False
1,0,1,0,1,0,0,False
2,0,0,0,1,0,0,False
13,8,6,2,2,0,2,False
6,6,5,0,3,0,1,False
4,3,5,0,4,0,4,False
6,4,4,0,5,0,6,False
4,3,5,1,3,0,2,False
5,11,5,2,1,0,0,False
7,6,7,0,3,0,2,False
5,6,6,0,0,0,4,False
7,7,3,4,0,0,1,False
2,10,3,1,1,0,1,False
4,10,2,0,3,0,1,False
4,0,2,0,1,0,1,False
6,8,5,0,4,0,1,False
5,12,2,1,2,0,0,False
1,12,1,0,1,0,2,False
3,8,2,0,2,0,1,False
3,15,4,0,0,0,3,False
3,9,1,1,0,0,0,False
0,11,0,1,2,0,1,False
2,5,1,0,1,0,2,False
6,4,7,0,1,0,2,False
7,6,2,1,1,0,0,False
1,9,5,0,2,0,1,False
5,7,6,2,0,0,4,False
7,17,3,1,4,0,0,False
6,2,5,0,1,0,1,False
2,8,4,2,4,0,1,False
6,13,4,0,1,0,4,False
1,8,4,0,0,0,0,False
2,7,2,1,3,0,5,False
0,8,3,0,0,0,2,False
3,9,5,0,1,0,1,False
6,8,7,0,2,0,3,False
6,6,9,0,1,0,2,False
10,5,7,1,2,0,3,False
4,5,3,0,3,0,1,False
2,7,4,0,1,0,0,False
1,9,5,0,3,0,4,False
2,7,2,1,1,0,1,False
4,9,6,1,1,0,1,False
5,6,4,1,0,0,0,False
6,5,5,0,4,0,0,False
10,7,6,2,3,0,3,False
4,2,5,1,2,0,1,False
8,1,5,0,2,0,3,False
8,13,10,0,1,0,0,False
6,13,7,1,1,0,1,False
6,2,5,0,5,0,2,False
14,2,9,1,4,0,3,False
12,2,6,0,3,0,3,False
3,7,1,0,1,0,0,False
10,3,8,1,6,0,3,False
4,6,8,1,4,0,2,False
2,2,4,0,0,0,2,False
7,1,4,1,1,0,1,False
1,1,0,0,0,0,0,False
3,1,2,0,2,0,1,False
8,0,2,0,4,0,4,False
8,1,3,0,2,0,4,False
7,1,6,0,1,0,1,False
7,2,3,0,2,0,2,False
4,10,3,0,2,0,0,False
12,8,2,0,1,0,1,False
4,3,4,0,1,0,2,False
7,4,2,0,0,0,1,False
8,2,2,0,0,0,1,False
8,1,1,0,1,0,2,False
7,2,0,0,1,0,2,False
9,3,6,0,3,0,2,False
3,7,2,0,0,0,0,False
7,2,0,0,0,0,2,False
0,11,2,0,0,0,2,False
4,1,4,0,0,0,6,False
5,2,4,0,0,0,0,False
4,9,6,0,0,0,0,False
4,2,4,0,5,0,3,False
8,3,4,2,5,0,0,False
7,4,2,1,3,0,1,False
4,1,5,0,1,0,4,False
1,4,3,0,2,0,0,False
7,6,5,0,3,0,6,False
12,2,7,1,3,0,4,False
5,5,5,0,1,0,2,False
9,6,7,0,3,0,3,False
7,6,7,1,2,0,2,False
7,4,11,1,1,0,2,False
10,15,4,1,4,0,0,False
8,3,8,2,6,0,3,False
14,1,7,1,5,0,2,False
12,6,4,0,4,0,2,False
9,1,4,0,6,0,2,False
5,10,2,1,4,0,2,False
3,5,2,1,2,0,0,False
7,8,6,0,3,0,2,False
4,5,8,0,1,0,2,False
7,3,4,0,8,0,10,False
9,20,4,0,2,0,2,False
8,7,8,2,0,0,4,False
8,5,4,2,2,0,1,False
8,6,6,0,2,0,2,False
12,5,8,4,9,0,1,False
8,5,3,0,7,0,3,False
6,1,4,0,3,0,4,False
4,5,6,0,2,0,1,False
11,1,5,1,1,0,2,False
10,3,11,0,1,0,1,False
6,1,5,0,4,0,3,False
8,1,6,0,2,0,0,False
9,3,7,0,1,0,1,False
8,7,6,0,5,0,0,False
13,2,6,1,4,0,0,False
8,3,7,0,3,0,3,False
8,3,4,0,6,0,3,False
8,3,5,1,5,0,4,False
12,6,6,0,8,0,2,False
5,3,1,0,3,0,0,False
7,2,6,0,3,0,2,False
8,6,5,0,2,0,0,False
9,2,9,0,3,0,2,False
2,7,2,0,2,0,0,False
5,6,6,0,0,0,0,False
0,4,1,0,0,0,2,False
5,5,4,0,1,0,1,False
7,3,5,0,0,0,0,False
13,5,14,0,0,0,4,False
4,4,3,0,3,0,2,False
4,5,4,0,0,0,0,False
0,0,0,0,0,0,0,False
1,0,0,0,1,0,0,False
3,5,2,0,2,0,0,False
1,9,2,0,0,0,0,False
3,6,4,0,2,0,2,False
1,14,2,0,0,0,0,False
3,18,2,0,0,0,0,False
3,8,0,0,0,0,2,False
1,16,2,0,0,0,0,False
1,6,2,0,0,0,0,False
5,13,2,0,3,0,0,False
1,18,0,0,0,0,0,False
2,11,2,0,2,0,0,False
5,12,4,2,0,0,0,False
3,5,0,0,0,0,0,False
1,14,2,0,0,0,0,False
3,10,2,2,0,0,2,False
11,6,10,1,2,0,4,False
6,5,8,2,4,0,4,False
7,4,12,0,2,0,4,False
10,4,10,1,5,0,1,False
1,14,2,0,0,0,0,False
4,10,1,2,0,0,0,False
1,18,0,0,0,0,0,False
0,0,0,0,0,0,0,False
1,10,4,0,0,0,0,False
1,8,2,0,2,0,0,False
0,0,0,0,0,0,0,False
2,11,2,0,0,0,0,False
2,13,2,0,0,0,0,False
3,8,4,0,2,0,0,False
5,10,2,0,0,0,0,False
4,1,7,4,0,0,5,False
3,2,4,3,5,0,4,False
14,2,9,0,4,0,3,False
11,2,9,0,4,0,3,False
4,2,2,0,2,0,3,False
2,1,1,0,0,0,1,False
2,1,2,1,1,0,3,False
0,0,0,0,0,0,0,False
1,1,1,1,1,0,0,False
8,0,8,1,3,0,1,False
7,0,5,0,3,0,2,False
3,0,0,0,1,0,1,False
2,7,2,0,0,0,0,False
3,6,3,0,1,0,2,False
5,9,2,0,0,0,0,False
0,0,0,0,0,0,0,False
4,5,4,1,0,0,0,False
5,1,3,3,2,0,0,False
2,5,3,0,1,0,1,False
2,1,1,0,0,0,0,False
3,0,2,0,1,0,2,False
5,2,4,0,2,0,0,False
7,0,2,0,2,0,0,False
7,14,0,0,0,0,0,False
1,0,0,0,0,0,0,False
4,5,4,0,0,0,0,False
3,18,0,0,0,0,0,False
0,6,1,0,0,0,0,False
1,16,2,0,0,0,2,False
1,4,2,0,2,0,0,False
0,3,2,0,0,0,1,False
1,10,4,0,0,0,0,False
3,10,6,0,0,0,0,False
0,0,0,0,0,0,0,False
6,1,2,2,6,0,0,False
5,2,1,0,3,0,2,False
8,1,2,0,2,0,0,False
4,1,2,0,0,0,0,False
3,18,4,2,0,0,0,False
4,19,8,0,2,0,4,False
1,11,4,0,0,0,0,False
2,13,2,0,2,0,0,False
2,8,3,0,0,0,0,False
0,0,0,0,0,0,0,False
1,20,2,0,0,0,0,False
10,11,4,0,0,0,4,False
3,20,2,0,0,0,0,False
1,16,2,0,0,0,0,False
3,18,2,0,0,0,0,False
1,13,0,0,1,0,0,False
5,12,4,0,0,0,0,False
1,12,2,0,0,0,0,False
2,16,4,0,0,0,0,False
2,5,0,0,0,0,0,False
7,2,8,0,0,0,2,False
2,1,3,1,1,0,0,False
0,1,2,0,2,0,2,False
6,7,6,0,2,0,0,False
1,14,2,0,0,0,0,False
0,0,0,0,0,0,0,False
4,11,4,0,0,0,0,False
9,4,0,0,2,0,2,False
1,16,0,0,0,0,0,False
3,11,2,0,3,0,2,False
5,9,2,1,3,0,0,False
4,9,5,0,2,0,0,False
3,12,2,0,0,0,0,False
6,8,0,0,1,0,2,False
4,0,1,0,0,0,0,False
1,1,4,0,1,0,3,False
3,0,2,0,1,0,1,False
0,1,2,0,2,0,0,False
1,10,2,0,0,0,0,False
1,14,0,0,0,0,2,False
1,10,2,0,2,0,0,False
0,0,0,0,0,0,0,False
0,15,4,0,4,0,0,False
2,7,4,0,2,0,4,False
1,14,0,0,0,0,0,False
4,7,2,0,1,0,0,False
3,18,6,2,0,0,2,False
6,0,6,2,3,0,2,False
9,2,0,2,2,0,0,False
3,3,7,0,0,0,0,False
4,1,2,0,2,0,2,False
7,6,2,0,4,0,0,False
1,0,1,0,0,0,0,False
0,3,0,0,0,0,0,False
0,0,0,0,0,0,0,False
4,7,2,0,2,0,2,False
1,13,2,0,1,0,0,False
5,19,0,0,0,0,0,False
3,10,0,0,2,0,0,False
1,18,2,0,0,0,0,False
0,7,2,0,0,0,0,False
2,0,3,0,2,0,0,False
1,18,2,0,0,0,0,False
2,6,2,0,2,0,1,False
1,16,0,0,0,0,0,False
6,3,2,0,0,0,0,False
3,2,0,0,0,0,0,False
5,1,2,0,0,0,0,False
2,1,1,1,1,0,0,False
2,13,2,0,0,0,0,False
0,9,0,0,0,0,0,False
4,4,5,0,3,0,4,False
7,12,9,0,6,0,3,False
10,2,7,0,6,0,2,False
6,4,4,0,1,0,2,False
4,8,8,0,0,0,1,False
4,3,4,0,1,0,2,False
3,6,3,0,2,0,2,False
8,2,7,3,2,0,3,False
4,8,4,0,1,0,1,False
4,2,2,0,2,0,0,False
2,0,1,1,1,0,1,False
3,8,2,2,4,0,0,False
3,6,5,1,1,0,1,False
7,4,2,1,2,0,0,False
5,1,4,0,3,0,1,False
9,4,8,2,1,0,1,False
6,6,5,1,2,0,2,False
10,7,6,0,3,0,1,False
3,6,7,0,0,0,5,False
6,3,4,0,4,0,0,False
9,0,2,2,0,0,2,False
2,1,2,0,2,0,0,False
4,1,2,0,4,0,0,False
4,1,4,0,2,0,1,False
5,0,4,2,0,0,2,False
6,7,4,0,6,0,0,False
2,13,4,0,0,0,2,False
6,9,4,2,2,0,0,False
4,4,2,0,1,0,1,False
4,0,3,0,2,0,1,False
3,7,2,0,3,0,0,False
11,8,4,0,0,0,0,False
7,12,3,3,2,0,2,False
1,0,2,0,1,0,3,False
1,8,1,0,3,0,0,False
6,3,7,0,1,0,5,False
2,11,6,0,1,0,3,False
7,7,6,0,3,0,4,False
6,8,5,1,0,0,2,False
4,1,2,2,2,0,2,False
1,2,2,0,0,0,2,False
6,5,2,2,0,0,0,False
4,0,3,0,0,0,0,False
8,15,3,1,1,0,1,False
7,10,8,0,0,0,4,False
5,6,5,0,0,0,1,False
8,9,3,0,2,0,1,False
5,9,4,1,3,0,1,False
5,5,6,1,1,0,4,False
1,10,4,0,0,0,2,False
9,6,5,0,4,0,3,False
3,5,4,0,1,0,1,False
0,2,2,0,0,0,0,False
0,1,2,0,0,0,0,False
8,1,4,2,4,0,4,False
5,5,3,1,2,0,0,False
6,9,5,0,4,0,1,False
0,6,7,0,0,0,2,False
4,4,6,0,2,0,4,False
3,4,5,0,0,0,0,False
3,8,3,0,1,0,2,False
6,2,11,0,2,0,2,False
1,7,4,0,2,0,3,False
7,5,4,0,4,0,1,False
3,9,4,1,5,0,6,False
1,12,7,0,1,0,0,False
5,2,0,0,2,0,4,False
3,10,5,1,1,0,5,False
5,0,2,0,2,0,0,False
5,2,2,0,4,0,0,False
2,6,4,0,1,0,0,False
4,8,9,0,0,0,1,False
5,10,3,0,3,0,4,False
8,4,8,1,2,0,3,False
5,7,3,0,4,0,5,False
1,6,3,1,2,0,4,False
9,13,6,0,1,0,2,False
3,11,3,0,1,0,0,False
3,8,5,0,0,0,0,False
3,7,3,0,1,0,3,False
9,8,1,1,4,0,3,False
1,7,4,1,1,0,2,False
5,5,7,1,2,0,2,False
4,7,5,0,1,0,4,False
3,17,7,0,3,0,1,False
7,12,5,2,1,0,2,False
6,1,2,2,6,0,0,False
3,0,0,0,4,0,2,False
4,2,2,0,1,0,0,False
2,2,2,1,1,0,0,False
2,10,0,0,0,0,1,False
3,9,2,0,1,0,0,False
3,9,2,0,1,0,0,False
4,7,5,0,2,0,1,False
1,12,2,0,0,0,1,False
1,10,3,0,0,0,1,False
8,3,8,0,4,0,1,False
1,15,6,0,2,0,1,False
3,9,3,0,2,0,0,False
2,5,0,2,1,0,1,False
6,16,4,0,1,0,0,False
0,0,0,0,0,0,0,False
3,2,1,0,1,0,0,False
3,1,0,0,1,0,0,False
4,0,2,2,1,0,0,False
6,7,8,0,2,0,2,False
4,5,4,0,2,0,3,False
1,4,1,0,0,0,1,False
2,3,0,0,0,0,0,False
9,0,0,0,0,0,0,False
8,1,2,2,0,0,0,False
4,3,4,1,0,0,3,False
6,3,4,0,2,0,0,False
5,6,2,1,1,0,2,False
5,2,3,1,1,0,0,False
4,1,2,0,0,0,0,False
5,3,0,0,3,0,2,False
2,1,0,0,2,0,0,False
2,3,2,0,4,0,0,False
3,0,1,2,1,0,0,False
2,0,4,0,1,0,1,False
0,0,0,0,0,0,0,False
2,0,1,0,0,0,0,False
4,0,1,0,1,0,0,False
2,1,1,0,3,0,3,False
2,1,2,0,2,0,1,False
6,2,3,1,2,0,1,False
9,2,4,0,4,0,0,False
0,7,2,0,4,0,2,False
3,0,4,2,0,0,2,False
6,7,6,1,2,0,1,False
2,5,4,0,0,0,2,False
5,2,0,0,6,0,0,False
6,0,0,0,3,0,0,False
3,2,7,0,1,0,2,False
2,1,0,0,2,0,0,False
4,0,3,0,1,0,0,False
0,0,0,0,0,0,0,False
1,4,0,1,1,0,0,False
3,0,2,1,0,0,1,False
5,0,1,1,1,0,0,False
2,4,1,0,1,0,1,False
7,2,3,0,0,0,0,False
8,1,4,0,0,0,0,False
10,3,6,0,0,0,0,False
4,3,5,1,1,0,1,False
5,0,0,2,2,0,0,False
0,13,4,0,0,0,0,False
5,1,2,0,0,0,1,False
0,7,8,0,0,0,0,False
1,14,0,2,0,0,2,False
0,4,2,0,0,0,0,False
0,13,2,0,0,0,0,False
2,5,0,0,6,0,0,False
2,3,4,2,0,0,0,False
0,17,0,0,0,0,0,False
0,9,6,0,0,0,0,False
1,3,0,0,0,0,0,False
1,4,0,0,0,0,0,False
0,7,0,0,0,0,0,False
0,5,2,0,0,0,2,False
1,6,1,0,0,0,0,False
0,15,0,0,2,0,0,False
1,16,0,0,0,0,0,False
0,5,1,0,2,0,2,False
4,1,6,2,6,0,0,False
1,10,0,0,0,0,0,False
2,3,4,0,0,0,0,False
1,10,2,0,2,0,2,False
1,6,2,0,0,0,0,False
3,6,2,0,2,0,0,False
2,4,3,1,0,0,0,False
4,11,6,0,0,0,0,False
0,7,1,0,0,0,0,False
2,9,2,0,2,0,0,False
3,8,2,0,0,0,0,False
1,0,0,0,1,0,0,False
2,3,6,0,0,0,2,False
0,7,2,0,0,0,0,False
6,9,2,0,0,0,0,False
0,7,2,0,0,0,0,False
3,12,4,0,0,0,0,False
2,4,2,0,3,0,0,False
0,11,3,0,4,0,2,False
1,7,1,0,0,0,0,False
0,9,2,0,3,0,3,False
3,4,1,0,3,0,0,False
5,15,4,0,2,0,2,False
4,13,0,0,0,0,0,False
1,12,2,0,0,0,0,False
0,13,4,0,0,0,0,False
3,10,0,0,2,0,0,False
5,1,3,0,2,0,0,False
2,15,6,0,0,0,0,False
0,15,0,0,0,0,1,False
2,6,1,0,0,0,0,False
1,18,2,0,0,0,0,False
3,12,2,0,0,0,0,False
1,10,2,0,0,0,0,False
0,17,0,0,0,0,2,False
2,5,0,1,1,0,2,False
1,14,4,0,2,0,0,False
1,12,2,0,0,0,0,False
4,9,2,0,2,0,2,False
6,13,4,2,2,0,0,False
3,5,0,0,1,0,0,False
0,9,2,0,0,0,0,False
2,10,0,0,0,0,0,False
1,10,6,0,0,0,0,False
3,6,0,0,2,0,0,False
2,11,0,0,0,0,0,False
0,11,2,0,2,0,2,False
1,20,2,0,0,0,0,False
1,8,0,0,2,0,0,False
0,8,4,0,0,0,2,False
0,17,2,0,0,0,0,False
6,10,6,0,3,0,2,False
1,5,2,0,1,0,0,False
7,19,4,2,0,0,0,False
2,7,6,0,0,0,8,False
2,7,3,0,0,0,2,False
1,10,2,0,0,0,2,False
0,17,4,0,2,0,0,False
2,12,3,0,0,0,0,False
2,14,8,0,0,0,0,False
1,6,3,0,1,0,0,False
2,15,3,2,2,0,2,False
1,8,2,0,2,0,2,False
1,4,0,0,1,0,1,False
1,10,0,0,0,0,0,False
0,6,0,0,1,0,0,False
0,0,0,0,0,0,0,False
3,15,1,0,2,0,0,False
1,14,2,0,2,0,0,False
0,11,2,0,0,0,0,False
3,6,5,2,0,0,2,False
0,17,0,0,0,0,0,False
1,14,4,0,0,0,0,False
6,2,1,0,1,0,0,False
2,13,4,0,2,0,0,False
1,7,2,2,1,0,0,False
1,4,0,0,0,0,0,False
0,14,2,0,4,0,1,False
0,10,6,2,0,0,4,False
4,7,4,0,0,0,0,False
2,9,4,0,0,0,0,False
4,8,5,0,0,0,0,False
0,1,0,0,0,0,0,False
1,7,0,0,0,0,0,False
0,5,6,0,0,0,0,False
1,8,4,0,0,0,0,False
0,3,0,0,0,0,0,False
4,14,4,0,1,0,0,False
0,17,2,0,0,0,2,False
2,8,1,0,0,0,0,False
10,8,7,2,4,0,0,False
1,7,1,0,0,0,0,False
1,4,4,0,0,0,2,False
1,6,1,0,2,0,1,False
2,3,3,0,0,0,0,False
4,3,0,2,0,0,0,False
0,6,0,0,0,0,0,False
2,4,2,0,0,0,0,False
7,7,1,0,2,0,0,False
3,7,3,0,1,0,0,False
0,5,2,0,0,0,1,False
2,5,4,1,0,0,0,False
3,5,5,1,0,0,1,False
3,3,3,0,0,0,0,False
6,4,1,0,1,0,0,False
0,10,2,0,0,0,0,False
0,13,2,0,2,0,0,False
6,0,7,0,3,0,0,False
5,15,4,1,2,0,1,False
3,6,2,0,0,0,1,False
1,9,0,0,0,0,0,False
9,8,8,1,2,0,0,False
1,1,4,0,1,0,1,False
6,10,4,3,2,0,3,False
8,7,4,0,0,0,3,False
3,0,3,0,1,0,1,False
2,7,2,0,0,0,0,False
2,6,1,0,1,0,2,False
8,4,9,0,0,0,6,False
8,10,3,2,6,0,0,False
2,0,1,0,1,0,0,False
1,4,2,0,0,0,0,False
6,8,4,0,3,0,0,False
5,1,3,1,2,0,1,False
4,4,4,0,0,0,1,False
9,4,5,2,4,0,2,False
7,0,4,1,0,0,2,False
3,1,1,0,2,0,2,False
7,1,0,0,2,0,1,False
6,3,5,0,3,0,2,False
4,5,1,0,2,0,1,False
6,1,0,1,1,0,0,False
5,0,2,1,0,0,1,False
8,2,4,1,5,0,1,False
6,0,4,1,1,0,2,False
3,0,1,0,1,0,2,False
1,3,0,0,0,0,0,False
3,4,3,0,0,0,0,False
3,2,2,0,2,0,1,False
7,0,5,0,1,0,2,False
0,0,1,0,0,0,0,False
2,2,1,0,1,0,1,False
5,2,2,1,1,0,1,False
7,1,7,0,4,0,4,False
5,5,2,0,3,0,1,False
9,1,3,0,3,0,0,False
5,6,2,2,1,0,1,False
4,1,3,0,4,0,0,False
7,1,2,1,2,0,1,False
4,1,4,1,1,0,1,False
4,2,2,0,1,0,0,False
4,2,0,2,1,0,0,False
4,2,4,0,1,0,1,False
9,0,4,0,2,0,0,False
7,0,5,2,5,0,4,False
6,3,2,0,1,0,1,False
5,2,2,0,2,0,0,False
5,0,3,0,2,0,1,False
3,1,2,2,1,0,3,False
1,2,5,1,2,0,2,False
4,3,2,1,1,0,2,False
3,1,3,1,4,0,3,False
6,1,3,1,2,0,1,False
6,1,5,0,4,0,3,False
5,1,0,0,1,0,1,False
6,0,1,0,4,0,3,False
8,0,2,1,3,0,3,False
6,0,1,0,2,0,1,False
2,2,3,0,1,0,2,False
4,3,1,0,2,0,1,False
3,5,4,0,1,0,0,False
0,9,0,2,0,0,0,False
3,16,4,0,2,0,0,False
2,10,2,2,0,0,0,False
4,14,3,0,2,0,0,False
6,1,1,2,1,0,0,False
0,0,0,0,0,0,0,False
4,13,10,0,2,0,2,False
3,8,6,0,0,0,4,False
4,19,4,0,3,0,0,False
0,1,0,0,0,0,0,False
0,0,0,0,0,0,0,False
8,1,2,0,2,0,3,False
3,12,3,0,2,0,1,False
3,0,2,0,3,0,2,False
4,3,4,0,0,0,1,False
5,1,3,1,3,0,5,False
2,2,0,1,4,0,0,False
11,1,0,0,4,0,2,False
4,0,3,0,0,0,2,False
6,0,1,1,2,0,0,False
3,0,3,1,0,0,4,False
3,1,1,0,2,0,3,False
3,0,0,1,2,0,1,False
6,0,3,1,2,0,1,False
3,4,0,0,2,0,0,False
3,6,2,1,1,0,1,False
6,0,1,1,2,0,0,False
5,0,3,2,4,0,5,False
6,1,1,2,2,0,1,False
3,1,2,2,2,0,2,False
4,0,1,0,3,0,1,False
4,2,2,1,1,0,0,False
6,1,2,1,3,0,0,False
5,1,1,1,3,0,1,False
8,2,4,1,1,0,2,False
5,7,0,3,3,0,0,False
4,1,3,0,2,0,0,False
3,1,2,0,2,0,0,False
6,1,2,0,0,0,0,False
2,0,6,2,2,0,1,False
7,0,5,1,2,0,1,False
4,1,2,1,1,0,2,False
8,4,2,1,2,0,0,False
5,1,2,4,5,0,0,False
6,1,2,0,1,0,1,False
6,2,3,3,0,0,1,False
4,4,1,1,1,0,0,False
4,0,2,1,1,0,0,False
5,3,1,1,0,0,0,False
2,1,0,0,0,0,1,False
1,3,0,0,0,0,0,False
2,2,0,1,1,0,2,False
2,1,0,0,0,0,0,False
4,0,0,1,1,0,2,False
3,1,1,1,1,0,0,False
2,1,0,0,1,0,0,False
5,1,5,0,2,0,1,False
4,2,5,1,5,0,0,False
7,6,4,0,0,0,0,False
2,11,3,1,5,0,3,False
3,10,6,0,2,0,1,False
3,0,2,0,1,0,0,False
3,10,1,0,0,0,2,False
8,8,5,0,2,0,3,False
3,11,7,0,1,0,1,False
8,6,5,0,2,0,1,False
2,9,4,0,1,0,2,False
12,8,4,0,3,0,1,False
0,0,2,0,1,0,2,False
0,12,3,0,1,0,2,False
2,10,5,0,2,0,1,False
1,4,4,0,0,0,1,False
1,9,5,1,0,0,1,False
1,7,5,0,2,0,4,False
3,0,3,2,1,0,0,False
2,0,1,0,1,0,0,False
4,0,3,0,1,0,1,False
9,8,3,1,2,0,1,False
4,11,7,1,2,0,0,False
7,4,5,1,1,0,2,False
5,4,2,0,2,0,0,False
3,6,3,0,2,0,3,False
9,4,7,7,2,0,1,False
1,5,5,4,0,0,1,False
10,9,6,0,4,0,0,False
6,4,4,0,1,0,1,False
7,4,6,0,5,0,2,False
8,3,2,0,2,0,0,False
5,7,2,1,2,0,0,False
8,4,4,1,4,0,1,False
2,3,4,0,1,0,3,False
8,3,7,0,3,0,3,False
15,1,9,3,5,0,5,False
9,3,17,2,5,0,12,False
6,3,5,0,0,0,0,False
0,6,1,0,0,0,1,False
8,4,7,0,2,0,2,False
5,2,6,0,2,0,3,False
5,2,5,0,3,0,1,False
4,2,3,2,3,0,1,False
11,2,9,1,7,0,3,False
7,7,3,0,6,0,0,False
10,3,3,2,2,0,3,False
8,2,3,0,3,0,0,False
9,4,8,1,3,0,1,False
6,7,4,0,2,0,5,False
8,7,7,0,0,0,2,False
4,2,2,0,1,0,2,False
6,5,3,0,4,0,1,False
5,6,9,0,2,0,5,False
7,5,9,0,0,0,1,False
8,3,6,0,3,0,4,False
7,3,1,1,1,0,0,False
3,1,2,1,3,0,1,False
9,6,8,0,4,0,1,False
6,1,1,0,0,0,0,False
6,0,4,0,2,0,2,False
2,0,2,0,2,0,0,False
4,3,0,0,2,0,2,False
8,3,10,0,2,0,6,False
2,13,4,0,0,0,0,False
8,9,6,0,0,0,0,False
3,5,3,0,0,0,1,False
8,11,4,2,2,0,0,False
8,1,2,0,8,0,2,False
6,3,4,2,4,0,2,False
10,3,3,2,0,0,0,False
5,2,2,0,2,0,2,False
8,9,4,0,4,0,0,False
5,0,3,0,2,0,0,False
7,1,5,0,2,0,2,False
4,9,2,0,2,0,2,False
8,1,4,0,1,0,1,False
1,6,4,0,0,0,2,False
12,3,4,0,2,0,0,False
6,7,6,2,0,0,0,False
4,11,2,0,2,0,0,False
8,3,4,0,2,0,2,False
4,7,4,0,6,0,2,False
0,18,2,0,0,0,1,False
1,12,4,4,0,0,0,False
11,7,11,1,0,0,2,False
9,11,6,0,5,0,0,False
5,2,2,0,4,0,0,False
1,4,2,0,0,0,0,False
3,2,3,0,0,0,1,False
2,7,2,0,0,0,0,False
13,6,2,4,2,0,2,False
3,6,6,0,0,0,2,False
4,0,3,0,0,0,0,False
3,2,4,0,2,0,2,False
6,3,3,0,2,0,1,False
7,4,12,0,0,0,2,False
8,1,6,4,6,0,1,False
4,5,8,0,2,0,2,False
8,5,2,4,2,0,0,False
1,12,16,0,4,0,0,False
0,5,4,0,2,0,4,False
8,3,12,0,2,0,2,False
3,3,2,0,2,0,1,False
4,9,2,0,2,0,0,False
6,3,4,2,8,0,0,False
4,17,2,0,0,0,0,False
6,3,4,0,4,0,6,False
3,1,3,0,0,0,0,False
7,2,8,0,0,0,4,False
3,0,3,0,0,0,0,False
8,2,6,0,5,0,0,False
1,6,4,0,0,0,2,False
2,1,0,0,6,0,2,False
4,5,4,0,6,0,6,False
0,0,0,0,2,0,0,False
4,3,4,0,2,0,2,False
2,4,3,0,1,0,0,False
12,1,4,0,4,0,0,False
10,5,8,0,2,0,0,False
10,5,10,0,2,0,2,False
2,8,2,0,3,0,4,False
16,5,8,2,3,0,1,False
1,2,0,0,1,0,1,False
5,3,2,0,2,0,1,False
4,0,3,0,2,0,0,False
1,0,0,1,1,0,0,False
5,0,4,0,3,0,1,False
0,0,0,0,0,0,0,False
2,10,6,2,0,0,2,False
3,4,2,1,1,0,0,False
6,8,2,0,0,0,1,False
4,2,2,1,1,0,0,False
2,2,2,0,1,0,0,False
6,15,4,0,0,0,0,False
1,10,4,2,0,0,0,False
10,7,7,3,5,0,2,False
7,5,5,4,3,0,3,False
4,1,2,0,0,0,0,False
0,0,0,0,0,0,0,False
2,6,6,0,1,0,3,False
2,6,4,0,3,0,2,False
3,3,6,1,1,0,2,False
3,8,5,0,2,0,1,False
3,9,7,5,1,0,2,False
5,8,7,0,3,0,2,False
4,10,6,0,4,0,2,False
2,0,0,0,2,0,0,False
3,11,4,0,1,0,3,False
6,6,4,1,3,0,0,False
0,11,1,0,0,0,3,False
4,8,3,0,2,0,0,False
4,3,5,1,1,0,4,False
3,1,1,0,1,0,0,False
2,10,6,0,1,0,6,False
4,9,3,0,2,0,0,False
5,6,3,1,0,0,2,False
3,0,0,0,2,0,0,False
0,8,1,0,0,0,0,False
1,4,4,0,1,0,0,False
10,5,6,0,5,0,4,False
9,6,5,3,5,0,5,False
2,6,2,1,1,0,1,False
1,6,1,0,0,0,0,False
2,3,2,0,0,0,1,False
0,13,2,0,1,0,2,False
1,4,2,0,0,0,1,False
1,8,1,0,0,0,0,False
1,7,2,0,0,0,0,False
5,11,1,0,0,0,0,False
2,4,1,0,1,0,0,False
1,4,2,0,0,0,1,False
0,8,0,0,0,0,0,False
1,6,3,0,1,0,0,False
7,5,4,0,0,0,1,False
10,3,7,0,3,0,1,False
10,3,6,0,2,0,1,False
13,2,10,1,3,0,2,False
1,7,2,0,0,0,0,False
2,7,1,1,0,0,0,False
12,12,7,0,2,0,3,False
11,6,11,1,3,0,2,False
1,9,1,0,0,0,0,False
1,5,1,0,1,0,0,False
7,1,4,0,2,0,3,False
1,6,0,0,0,0,0,False
0,7,2,0,1,0,0,False
1,3,5,0,0,0,1,False
4,13,3,2,0,0,0,False
11,7,5,0,3,0,3,False
3,7,5,1,2,0,0,False
2,0,4,0,0,0,0,False
2,3,2,2,2,0,0,False
3,4,2,0,1,0,0,False
0,6,1,0,0,0,0,False
2,3,7,0,1,0,2,False
2,6,2,1,2,0,1,False
5,6,5,0,1,0,0,False
0,3,0,0,0,0,0,False
7,6,4,1,0,0,0,False
5,2,2,0,0,0,1,False
5,5,1,0,1,0,1,False
1,3,3,0,0,0,0,False
1,6,3,0,0,0,2,False
1,5,0,0,0,0,0,False
2,4,1,0,0,0,2,False
1,10,1,0,0,0,0,False
2,5,1,0,0,0,0,False
3,12,4,0,1,0,1,False
1,5,3,0,0,0,0,False
1,8,0,0,0,0,0,False
1,3,3,0,1,0,0,False
0,7,0,0,0,0,0,False
12,11,6,0,6,0,1,False
2,10,1,0,0,0,0,False
9,8,6,0,1,0,0,False
1,4,1,0,0,0,0,False
2,7,3,0,1,0,0,False
14,9,8,0,7,0,2,False
1,3,1,0,0,0,1,False
4,2,3,0,2,0,3,False
4,8,3,0,0,0,0,False
2,5,0,0,2,0,0,False
1,5,2,0,0,0,0,False
1,6,1,0,1,0,0,False
2,5,2,1,1,0,0,False
0,12,0,0,0,0,0,False
1,3,1,0,3,0,0,False
6,4,2,0,1,0,0,False
1,6,2,0,1,0,1,False
1,7,3,0,0,0,1,False
1,7,1,0,0,0,0,False
2,6,1,1,0,0,0,False
6,14,5,0,5,0,1,False
0,7,1,0,0,0,0,False
11,5,6,0,5,0,1,False
6,9,7,1,3,0,1,False
2,4,1,0,0,0,2,False
0,3,0,0,0,0,0,False
1,3,1,0,3,0,0,False
2,6,0,0,1,0,0,False
0,10,2,0,0,0,0,False
3,4,3,1,0,0,3,False
1,3,1,0,0,0,1,False
3,6,0,0,0,0,0,False
1,4,2,0,0,0,0,False
1,8,2,0,0,0,0,False
4,3,1,2,3,0,0,False
5,2,1,0,0,0,2,False
3,0,1,0,0,0,0,False
8,2,4,0,0,0,2,False
9,2,2,0,0,0,0,False
0,0,0,0,0,0,0,False
0,0,2,0,0,0,0,False
0,9,2,0,2,0,0,False
3,20,2,2,0,0,0,False
0,20,8,2,0,0,2,False
0,0,0,0,0,0,0,False
5,12,4,2,4,0,0,False
5,13,6,0,3,0,2,False
6,5,4,2,4,0,6,False
0,0,0,0,0,0,0,False
5,12,4,0,2,0,6,False
1,12,0,2,0,0,2,False
0,10,6,2,4,0,14,False
0,0,0,0,0,0,0,False
0,0,0,0,0,0,0,False
2,1,4,0,0,0,0,False
0,0,0,0,1,0,1,False
1,22,8,0,4,0,2,False
1,14,4,0,0,0,0,False
3,1,0,0,1,0,0,False
7,10,2,0,0,0,2,False
2,12,6,0,2,0,2,False
5,1,2,0,1,0,0,False
0,0,0,0,0,0,0,False
5,20,6,0,0,0,0,False
2,9,4,0,0,0,2,False
5,13,4,0,2,0,0,False
0,0,1,0,1,0,1,False
1,8,6,2,0,0,2,False
7,7,7,1,3,0,3,False
0,10,4,0,0,0,0,False
3,2,3,0,0,0,0,False
0,0,0,0,1,0,1,False
10,17,10,0,0,0,1,False
0,7,0,0,0,0,0,False
2,14,4,0,2,0,0,False
0,0,0,0,0,0,0,False
6,24,2,0,0,0,2,False
0,0,0,0,1,0,1,False
4,19,6,0,2,0,0,False
2,12,2,2,2,0,0,False
4,19,7,2,0,0,2,False
0,0,0,0,0,0,0,False
3,9,2,0,3,0,0,False
4,14,5,0,2,0,2,False
2,18,8,2,2,0,2,False
4,5,2,0,3,0,1,False
0,1,1,0,0,0,2,False
0,0,0,0,0,0,0,False
8,12,7,0,3,0,2,False
2,17,8,0,4,0,0,False
1,46,2,0,0,0,0,False
8,7,8,0,4,0,4,False
5,21,6,2,0,0,4,False
3,11,0,2,2,0,4,False
1,0,0,0,0,0,0,False
0,21,2,2,0,0,2,False
2,21,10,0,4,0,0,False
5,2,3,0,3,0,0,False
4,1,3,0,2,0,1,False
3,6,0,0,1,0,0,False
1,0,0,0,0,0,0,False
6,9,6,0,0,0,0,False
5,0,3,0,2,0,1,False
1,12,2,0,0,0,0,False
2,9,6,2,0,0,2,False
5,4,2,0,2,0,0,False
2,13,0,0,4,0,0,False
2,13,4,2,0,0,0,False
2,5,4,0,0,0,4,False
2,5,0,0,0,0,0,False
4,15,2,2,0,0,0,False
1,14,4,0,0,0,2,False
2,15,2,0,0,0,0,False
0,6,0,1,0,0,0,False
0,13,0,2,0,0,0,False
2,11,4,2,0,0,0,False
0,10,2,0,0,0,0,False
3,14,4,0,0,0,2,False
2,9,4,0,0,0,2,False
2,9,2,2,2,0,2,False
2,17,4,0,0,0,0,False
0,8,2,0,1,0,2,False
0,15,0,0,0,0,0,False
0,7,2,0,0,0,0,False
0,9,2,0,0,0,0,False
1,7,4,0,2,0,3,False
7,4,6,2,2,0,0,False
2,2,3,0,4,0,0,False
2,11,0,0,0,0,0,False
2,5,4,0,2,0,0,False
0,14,1,0,0,0,3,False
6,15,4,0,0,0,0,False
0,6,1,0,5,0,2,False
0,17,2,0,2,0,0,False
5,8,4,0,0,0,2,False
0,0,0,0,0,0,0,False
0,9,1,0,0,0,0,False
3,2,2,0,0,0,0,False
1,8,2,2,0,0,0,False
0,15,0,0,2,0,0,False
6,12,0,0,1,0,0,False
6,5,2,0,2,0,0,False
2,0,4,0,0,0,1,False
2,9,2,0,3,0,0,False
0,9,2,0,0,0,4,False
2,7,4,2,4,0,0,False
1,12,2,0,0,0,0,False
1,10,2,0,0,0,0,False
1,12,0,0,0,0,2,False
1,7,0,1,1,0,2,False
2,12,3,0,2,0,0,False
4,10,3,0,2,0,0,False
3,7,2,2,1,0,2,False
6,17,4,2,2,0,0,False
4,11,4,0,0,0,2,False
4,5,6,0,4,0,2,False
3,12,0,0,0,0,0,False
0,8,3,0,0,0,0,False
1,9,2,1,1,0,1,False
4,11,5,0,0,0,0,False
0,15,2,0,0,0,2,False
2,9,5,0,2,0,0,False
3,12,4,0,0,0,0,False
1,7,3,0,0,0,2,False
2,5,2,0,0,0,0,False
3,4,6,0,0,0,0,False
11,5,5,1,3,0,3,False
1,4,4,0,0,0,0,False
1,5,0,0,1,0,0,False
5,1,0,0,2,0,1,False
7,5,5,2,1,0,1,False
2,0,0,0,0,0,0,False
1,5,2,1,0,0,0,False
6,13,4,0,2,0,0,False
2,13,4,0,0,0,0,False
2,10,4,0,1,0,0,False
2,17,2,0,2,0,0,False
5,1,8,0,4,0,3,False
7,2,6,0,3,0,2,False
6,10,7,0,5,0,1,False
8,2,5,0,1,0,0,False
9,0,4,0,0,0,2,False
6,8,4,0,1,0,2,False
6,1,2,0,2,0,4,False
7,2,3,1,2,0,1,False
2,7,1,0,0,0,0,False
5,0,4,0,1,0,6,False
8,5,1,0,2,0,1,False
9,2,3,0,4,0,3,False
6,0,4,2,1,0,2,False
8,1,3,0,1,0,0,False
7,2,7,0,2,0,1,False
5,0,4,0,1,0,2,False
10,3,5,0,0,0,0,False
9,0,1,0,3,0,1,False
5,0,2,0,1,0,1,False
6,1,8,0,0,0,2,False
7,3,3,0,0,0,0,False
7,2,3,0,2,0,1,False
5,1,1,0,2,0,1,False
4,2,1,0,3,0,1,False
7,0,0,2,1,0,2,False
7,2,2,0,2,0,3,False
6,0,0,0,1,0,0,False
3,0,3,0,0,0,1,False
6,0,2,0,1,0,1,False
8,2,2,0,1,0,4,False
5,8,1,0,1,0,2,False
3,0,3,0,2,0,3,False
7,2,3,0,0,0,1,False
4,5,3,1,1,0,0,False
7,0,2,0,1,0,1,False
7,3,2,0,0,0,1,False
5,2,7,0,0,0,2,False
3,4,0,0,0,0,0,False
0,7,4,0,2,0,3,False
3,8,4,2,0,0,0,False
3,0,3,0,1,0,1,False
6,0,1,0,0,0,0,False
5,4,2,0,0,0,2,False
0,9,2,0,2,0,2,False
7,12,2,0,0,0,0,False
0,5,4,0,2,0,2,False
5,4,0,0,0,0,0,False
0,0,1,0,0,0,0,False
4,2,0,0,0,0,2,False
3,1,0,0,1,0,0,False
1,2,1,0,1,0,0,False
0,11,2,0,2,0,0,False
0,2,0,0,0,0,0,False
5,6,5,1,6,0,1,False
3,14,2,0,0,0,2,False
4,2,3,0,2,0,0,False
0,17,1,0,2,0,2,False
2,11,0,0,0,0,2,False
4,1,3,0,2,0,0,False
0,20,2,0,0,0,1,False
3,9,4,2,1,0,0,False
4,7,4,0,0,0,0,False
0,9,4,0,2,0,0,False
0,0,1,0,0,0,0,False
0,21,2,0,2,0,0,False
3,0,0,0,2,0,0,False
5,3,5,0,2,0,2,False
1,2,0,0,0,0,0,False
4,1,3,0,2,0,0,False
2,14,2,0,0,0,0,False
0,0,0,0,0,0,0,False
0,7,1,0,0,0,0,False
60,13,47,3,20,0,5,False
2,5,2,0,2,0,2,False
6,8,10,0,2,0,0,False
63,26,34,13,20,0,8,False
8,9,5,3,3,0,4,False
0,3,5,0,2,0,0,False
11,6,8,0,1,0,1,False
3,3,5,0,1,0,2,False
5,9,6,1,0,0,5,False
6,4,2,1,3,0,2,False
4,6,2,0,2,0,1,False
8,6,8,1,4,0,1,False
8,12,9,0,2,0,0,False
5,5,4,1,2,0,1,False
5,14,3,0,2,0,2,False
4,9,5,0,3,0,3,False
2,4,0,0,1,0,1,False
8,6,3,1,5,0,3,False
10,6,2,0,2,0,5,False
3,8,10,1,3,0,1,False
6,8,4,0,2,0,2,False
3,7,3,1,2,0,1,False
2,17,5,0,1,0,2,False
1,4,3,1,0,0,3,False
5,3,1,1,2,0,2,False
3,9,5,1,1,0,2,False
4,4,3,0,2,0,1,False
2,5,3,0,2,0,2,False
4,7,3,1,1,0,1,False
4,8,9,2,2,0,0,False
7,5,5,0,2,0,4,False
4,8,9,0,1,0,4,False
1,13,6,1,2,0,0,False
7,10,2,0,2,0,1,False
1,13,2,0,2,0,1,False
7,10,4,0,3,0,0,False
2,9,4,0,0,0,0,False
4,7,3,3,0,0,3,False
4,4,9,0,1,0,3,False
6,6,5,0,1,0,3,False
6,6,6,0,2,0,0,False
8,10,6,0,2,0,2,False
0,1,1,1,0,0,0,False
6,5,9,0,2,0,1,False
2,8,6,0,2,0,1,False
9,5,6,1,1,0,1,False
5,13,5,0,3,0,0,False
5,12,5,0,6,0,1,False
2,9,4,1,1,0,1,False
3,6,4,0,2,0,0,False
2,7,7,0,2,0,0,False
8,5,5,1,3,0,3,False
6,6,5,0,2,0,1,False
5,10,5,2,2,0,0,False
4,2,4,0,3,0,0,False
2,1,2,2,2,0,2,False
2,2,0,0,1,0,1,False
3,2,2,0,2,0,0,False
7,0,2,2,2,0,2,False
9,2,8,2,0,0,2,False
8,7,6,0,0,0,0,False
4,0,1,1,1,0,2,False
4,0,1,1,1,0,2,False
2,1,3,0,1,0,1,False
5,0,2,0,1,0,0,False
4,0,2,0,0,0,0,False
4,9,2,0,4,0,4,False
5,8,1,1,1,0,2,False
3,2,2,0,4,0,2,False
12,1,2,0,0,0,0,False
6,2,2,2,0,0,4,False
5,0,2,2,2,0,4,False
9,2,0,0,2,0,4,False
4,5,2,0,0,0,0,False
7,1,0,1,2,0,0,False
2,3,1,0,0,0,0,False
3,1,1,1,1,0,0,False
1,2,1,0,1,0,1,False
3,2,2,0,2,0,2,False
3,2,2,0,6,0,2,False
5,6,3,1,0,0,1,False
0,5,2,0,2,0,0,False
1,6,3,0,1,0,1,False
2,4,1,0,0,0,0,False
2,3,1,0,0,0,1,False
2,2,0,2,0,0,0,False
2,5,2,0,0,0,0,False
2,5,3,1,0,0,2,False
0,6,1,0,0,0,0,False
2,3,1,0,0,0,0,False
1,5,3,0,1,0,0,False
2,7,3,0,0,0,1,False
1,7,1,3,0,0,1,False
0,2,1,0,1,0,3,False
1,9,2,1,1,0,0,False
1,8,1,0,0,0,0,False
0,6,1,0,2,0,0,False
3,8,1,2,0,0,0,False
0,3,1,0,2,0,0,False
3,8,2,0,2,0,0,False
0,6,0,0,0,0,0,False
4,6,2,1,1,0,2,False
0,9,1,0,0,0,0,False
2,5,0,0,0,0,0,False
2,5,0,0,0,0,0,False
2,2,1,0,1,0,1,False
0,7,2,1,0,0,1,False
8,16,7,2,9,0,1,False
2,4,0,0,0,0,0,False
1,5,2,0,0,0,0,False
0,7,1,0,0,0,0,False
2,3,1,1,0,0,0,False
5,9,6,0,1,0,1,False
0,10,1,0,1,0,0,False
0,6,1,0,0,0,1,False
5,3,4,0,2,0,3,False
1,5,2,0,0,0,0,False
2,3,1,1,0,0,0,False
1,10,1,0,0,0,1,False
2,10,2,0,1,0,0,False
1,6,0,0,0,0,0,False
1,7,0,2,0,0,0,False
9,12,3,1,2,0,0,False
0,6,1,0,0,0,0,False
0,7,1,0,0,0,0,False
1,3,2,0,0,0,0,False
1,7,2,0,0,0,0,False
0,7,0,0,0,0,1,False
1,5,3,0,1,0,1,False
0,8,0,0,0,0,0,False
1,2,2,0,0,0,0,False
3,2,2,0,0,0,0,False
7,5,6,0,3,0,1,False
1,4,1,0,1,0,1,False
2,3,2,1,0,0,0,False
10,7,10,0,5,0,1,False
1,6,1,0,0,0,0,False
7,8,3,0,2,0,0,False
1,9,0,0,0,0,0,False
3,4,2,1,0,0,0,False
5,14,6,1,3,0,2,False
0,7,0,0,0,0,0,False
0,10,2,0,0,0,0,False
8,10,5,2,4,0,1,False
2,9,0,0,3,0,0,False
1,6,1,0,0,0,0,False
2,3,0,0,0,0,2,False
3,11,1,0,1,0,0,False
3,3,1,1,1,0,0,False
0,6,1,0,1,0,1,False
3,6,0,1,0,0,1,False
4,5,4,0,2,0,3,False
0,8,0,0,1,0,0,False
0,6,2,0,1,0,0,False
0,5,4,0,0,0,1,False
1,10,2,0,0,0,0,False
4,7,3,2,0,0,0,False
4,17,6,1,2,0,0,False
6,14,4,3,1,0,1,False
0,9,4,0,1,0,2,False
3,12,5,1,2,0,1,False
4,7,2,0,3,0,1,False
1,6,7,0,0,0,2,False
5,7,8,0,0,0,2,False
2,12,4,1,0,0,1,False
4,2,6,2,1,0,3,False
1,9,3,1,2,0,1,False
3,17,5,0,0,0,2,False
5,7,7,0,2,0,0,False
4,12,7,1,1,0,5,False
8,8,4,0,3,0,1,False
6,4,7,0,1,0,3,False
7,7,6,0,5,0,4,False
4,5,4,0,0,0,1,False
3,4,3,1,1,0,1,False
7,6,5,1,5,0,1,False
6,3,6,2,0,0,3,False
9,1,4,1,7,0,4,False
10,5,11,0,7,0,3,False
3,3,3,0,2,0,4,False
9,2,7,0,3,0,1,False
0,0,0,0,0,0,0,False
4,21,4,0,2,0,0,False
0,15,4,0,2,0,2,False
9,16,4,2,2,0,0,False
2,2,3,0,0,0,1,False
0,0,0,0,0,0,0,False
0,13,2,0,0,0,2,False
6,27,8,0,2,0,4,False
3,8,1,0,1,0,1,False
0,0,0,0,0,0,0,False
3,1,0,0,2,0,0,False
1,0,0,0,1,0,1,False
2,5,3,2,0,0,2,False
0,25,8,0,2,0,0,False
2,1,2,0,0,0,1,False
0,0,0,0,0,0,0,False
4,3,2,2,0,0,0,False
8,3,10,0,8,0,2,False
4,7,6,2,0,0,0,False
2,1,4,0,0,0,0,False
0,0,0,0,0,0,0,False
4,9,0,2,0,0,2,False
2,7,8,0,0,0,0,False
3,25,2,0,0,0,0,False
6,17,4,0,3,0,2,False
0,0,0,0,0,0,0,False
0,5,2,0,0,0,0,False
0,0,3,0,1,0,0,False
4,15,6,0,4,0,2,False
0,0,0,0,0,0,0,False
6,11,8,0,4,0,6,False
5,22,4,2,0,0,4,False
0,0,1,0,1,0,0,False
2,16,7,0,0,0,0,False
6,8,2,0,4,0,2,False
0,0,0,0,0,0,0,False
0,21,4,0,0,0,0,False
0,23,6,0,2,0,0,False
2,16,4,0,0,0,2,False
1,5,2,0,0,0,1,False
2,3,2,0,1,0,0,False
2,3,1,0,2,0,1,False
1,6,0,0,0,0,0,False
0,7,3,0,0,0,0,False
4,5,2,0,1,0,0,False
4,13,4,1,3,0,1,False
11,6,11,0,2,0,0,False
1,13,0,0,0,0,0,False
0,8,1,0,0,0,0,False
3,6,6,0,1,0,2,False
0,8,1,0,0,0,1,False
0,10,2,0,0,0,0,False
7,10,5,0,3,0,1,False
0,4,2,0,0,0,1,False
1,4,4,0,0,0,0,False
19,5,13,1,4,0,2,False
2,5,2,0,0,0,1,False
8,6,4,1,0,0,2,False
13,9,9,6,5,0,2,False
3,3,3,0,2,0,0,False
6,11,5,0,1,0,0,False
0,3,0,0,0,0,0,False
7,13,5,0,6,0,0,False
0,3,3,0,1,0,0,False
3,5,2,0,1,0,1,False
1,7,3,0,1,0,0,False
2,6,3,1,0,0,0,False
1,5,0,0,2,0,0,False
3,3,7,0,1,0,2,False
0,3,0,0,1,0,0,False
0,7,0,0,0,0,0,False
1,6,1,0,0,0,0,False
2,8,4,0,1,0,0,False
2,4,2,0,1,0,0,False
1,3,2,0,0,0,1,False
11,9,5,0,6,0,1,False
1,7,1,0,4,0,0,False
0,7,1,0,0,0,0,False
2,7,0,0,0,0,1,False
1,6,1,0,0,0,0,False
7,9,5,0,1,0,0,False
2,8,1,0,1,0,0,False
1,2,0,0,0,0,0,False
7,13,5,0,6,0,0,False
6,9,7,1,4,0,2,False
1,6,0,0,0,0,0,False
3,5,1,0,0,0,2,False
1,6,2,0,0,0,0,False
3,10,4,1,1,0,2,False
1,5,1,0,1,0,0,False
0,9,0,0,0,0,0,False
1,6,2,0,1,0,0,False
3,7,2,0,1,0,0,False
1,8,0,1,0,0,1,False
1,6,3,0,0,0,0,False
1,5,2,0,1,0,0,False
3,6,1,0,0,0,0,False
8,9,5,0,5,0,6,False
3,8,1,0,1,0,0,False
7,5,6,0,2,0,1,False
2,5,1,1,1,0,1,False
2,3,2,1,1,0,0,False
0,8,0,0,0,0,2,False
4,5,4,0,1,0,2,False
2,4,2,0,1,0,0,False
11,3,3,0,5,0,3,False
3,4,2,0,2,0,1,False
10,4,6,0,4,0,1,False
1,9,4,0,0,0,2,False
6,4,3,0,1,0,0,False
0,4,0,0,0,0,0,False
4,3,2,0,0,0,0,False
9,12,6,0,3,0,1,False
7,13,6,1,3,0,2,False
3,6,1,0,0,0,0,False
0,7,2,0,0,0,0,False
1,6,2,0,3,0,3,False
7,7,4,0,6,0,3,False
1,5,2,0,1,0,1,False
9,9,5,0,2,0,0,False
2,2,5,0,1,0,4,False
6,8,2,1,4,0,1,False
4,2,4,0,1,0,1,False
4,10,5,1,1,0,0,False
0,6,2,0,0,0,1,False
3,4,5,0,3,0,2,False
0,5,1,0,0,0,1,False
3,8,2,0,2,0,3,False
0,10,2,0,0,0,0,False
7,5,9,1,1,0,2,False
0,9,1,0,0,0,1,False
10,2,5,0,5,0,0,False
3,8,1,0,1,0,0,False
7,8,4,1,2,0,3,False
2,3,1,0,0,0,0,False
4,8,3,0,0,0,0,False
1,5,1,0,1,0,0,False
0,5,3,0,0,0,0,False
7,8,10,0,1,0,1,False
9,5,5,0,2,0,3,False
3,4,2,0,0,0,0,False
1,2,2,0,1,0,1,False
1,8,0,0,1,0,0,False
3,2,2,0,0,0,0,False
1,8,1,0,0,0,0,False
3,3,1,0,2,0,0,False
1,6,3,0,0,0,0,False
1,6,0,1,1,0,0,False
1,9,1,0,0,0,1,False
4,4,1,0,1,0,0,False
0,8,3,0,0,0,2,False
2,5,1,0,0,0,0,False
0,10,0,0,0,0,1,False
8,3,2,0,2,0,0,False
1,6,2,0,0,0,0,False
2,0,1,0,0,0,0,False
3,9,4,0,0,0,3,False
7,5,3,0,2,0,0,False
4,13,0,0,0,0,0,False
1,9,1,0,0,0,0,False
1,8,2,0,1,0,2,False
0,5,4,0,1,0,2,False
0,3,3,0,0,0,0,False
2,2,1,0,1,0,1,False
1,10,0,0,1,0,0,False
0,15,4,0,0,0,0,False
0,0,0,0,0,0,0,False
4,5,6,0,0,0,0,False
2,5,0,0,0,0,0,False
1,8,1,0,0,0,0,False
1,3,1,0,0,0,0,False
0,7,2,0,1,0,1,False
0,8,1,0,0,0,0,False
2,5,1,2,0,0,2,False
3,5,2,0,0,0,0,False
0,7,1,0,0,0,0,False
2,9,8,0,0,0,0,False
2,12,1,0,2,0,0,False
1,0,0,0,0,0,0,False
4,1,8,0,1,0,6,False
2,3,2,0,1,0,1,False
1,7,1,0,0,0,2,False
1,6,1,0,2,0,0,False
4,2,3,0,1,0,1,False
8,9,6,0,0,0,0,False
6,3,6,2,0,0,0,False
6,5,8,0,2,0,0,False
10,3,8,0,2,0,2,False
0,0,1,0,0,0,2,False
2,6,1,0,0,0,0,False
0,11,2,0,0,0,2,False
0,4,4,0,0,0,0,False
1,0,0,0,0,0,0,False
6,7,0,2,0,0,2,False
0,9,2,0,0,0,0,False
1,0,0,0,0,0,0,False
5,4,6,0,0,0,0,False
0,21,2,0,0,0,0,False
0,0,0,0,0,0,0,False
2,4,1,0,0,0,0,False
4,3,8,0,2,0,0,False
0,0,0,0,0,0,0,False
2,11,4,0,0,0,0,False
0,7,2,0,0,0,0,False
0,3,2,0,0,0,0,False
3,6,2,0,0,0,0,False
0,2,0,0,0,0,0,False
1,10,2,0,0,0,2,False
2,19,4,0,0,0,0,False
0,5,0,0,0,0,0,False
0,13,0,0,2,0,2,False
3,6,4,0,0,0,0,False
0,9,4,0,0,0,0,False
4,5,10,0,1,0,1,False
57,16,40,3,19,0,19,False
2,13,2,0,0,0,0,False
3,12,2,0,0,0,2,False
0,0,0,0,0,0,0,False
3,2,1,0,1,0,0,False
0,0,0,0,0,0,0,False
2,26,9,2,3,0,2,False
5,12,4,2,2,0,0,False
3,17,4,0,0,0,2,False
0,0,0,0,0,0,0,False
4,23,6,0,0,0,0,False
5,12,2,2,0,0,0,False
6,7,4,0,0,0,0,False
9,6,4,2,2,0,0,False
5,4,5,1,1,0,1,False
3,5,3,0,1,0,0,False
4,5,4,0,2,0,2,False
0,7,2,0,0,0,0,False
5,2,6,0,4,0,0,False
8,3,2,0,0,0,0,False
8,1,2,2,4,0,0,False
11,4,6,0,2,0,0,False
4,3,2,0,1,0,1,False
